5bb446afaa33d1b9fe000050,completed,,,completed,
5bb42faf961baee3c900022b,completed,started,,completed,
5bb368ebb1b21e9b55000258,,started,,,
5bb359de51d6f50e6d00005f,started,completed,completed,started,completed
5bb2f0b1927cfcc5e40001d0,started,completed,started,started,
5bb2d49c23cd53279b00012f,started,started,completed,started,
5bb2baceaa33d16d31000201,,completed,started,,
5bb25cddaa33d167b200018c,completed,completed,,completed,
5bb232389c3fe77f64000264,completed,completed,,completed,
5bb17927b1b21e7de8000578,,,,,
5bb16f0eb1b21e89920000c7,,completed,,,
5bb0d70c51d6f5a477000296,,,,completed,
5baf01fbaa12440aa600009e,started,started,started,,
5bae5a20b1b21efe57000192,,completed,,,
5bad601b23cd5310d300030e,completed,completed,completed,completed,
5bad5d7b9c3fe75dea000258,,,,,
5bad1a42821b96228200002f,started,,,started,started
5bacd33f7fd36ad44b000016,,completed,,,
5baada1aaa1244f2b700032f,,,completed,completed,
5baac69baa33d173f4000184,,completed,,completed,
5baa5ee57fd36aa17c0000af,,,,,
5baa4405821b964f6900016b,,,,,
5baa21a4927cfcf474000037,completed,,completed,started,started
5ba93f8d9e8471cf5f00000d,,,,started,
5ba8ff87aa1244318e00015f,,started,,,started
5ba5f64a7fd36a39650003de,,,,started,
5ba5a1c3aa1244d7460002d6,,started,,,
5ba4c989b1b21e74a1000194,completed,,started,,completed
5ba43240aa124400780001b5,,,,completed,
5ba2919cb5ee26c6f800018a,,started,,,
5ba1d7d123cd53f4dd0001ef,,,,started,
5ba1d357aa124459df000136,started,,,,
5ba14a449e8471ff75000113,,started,completed,completed,completed
5ba04a75aa1244dd21000315,,,,,
5ba0430f7fd36a834e0002a0,,,,,
5b9ff1ecb5ee26e9890001cc,started,,started,,started
5b9fe2faaa124438330001f7,completed,,,completed,
5b9fbe02b1b21e75f4000081,completed,started,,completed,
5b9fb4d8b1b21e022c0002f0,,started,,,
5b9f6b5f9c3fe7fc43000287,started,completed,completed,started,completed
5b9f22ca23cd53c87c0001d0,started,completed,started,started,
5b9d98ad927cfce0060003e4,started,started,completed,started,
5b9d8d9c51d6f58e87000237,,completed,started,,
5b9d40cf51d6f5004900024b,completed,completed,,completed,
5b9d2a03821b96c6420000d3,completed,completed,,completed,
5b9cd1359c3fe7950e000203,,,,,
5b9bb2fbaa12441e0b0001e4,,completed,,,
5b9b73a0927cfcdd9c000314,,,,completed,
5b9adbeab5ee2673c900009d,started,started,started,,
5b9ad0c723cd53da82000068,,completed,,,
5b9a854f9c3fe7e4c0000035,completed,completed,completed,completed,
5b9a78cf927cfcb011000141,,,,,
5b9a750eb1b21e1e3d0000cf,started,,,started,started
5b99c68eb1b21eec2500004c,,completed,,,
5b99c671b5ee26d7200002a5,,,completed,completed,
5b99a38d927cfce6560000c4,,completed,,completed,
5b99976b9e8471e7a9000276,,,,,
5b999287b5ee260ded00030d,,,,,
5b997d48b1b21e1431000022,completed,,completed,started,started
5b9968167fd36a2ef90000ce,,,,started,
5b993b84927cfc9380000061,,started,,,started
5b984278927cfcaa94000129,,,,started,
5b9836d2961baec1a4000039,,started,,,
5b97e4c5b1b21e3ebc0001ab,completed,,started,,completed
5b9723be23cd53323c000174,,,,completed,
5b96c5a7aa1244e23f0000d1,,started,,,
5b96a9cb961baec832000021,,,,started,
5b96821b51d6f5981800019e,started,,,,
5b963ba4b5ee262c230001c4,,started,completed,completed,completed
5b95d288927cfc74b90001d3,,,,,
5b949988aa124444fb000453,,,,,
5b93cab6aa1244af4000029d,started,,started,,started
5b930a1fb5ee260bd7000297,completed,,,completed,
5b92b6d5b5ee26e7ff000001,completed,started,,completed,
5b927d447fd36abe25000072,,started,,,
5b91b35451d6f52c190002d0,started,completed,completed,started,completed
5b917d5623cd5336ac00024c,started,completed,started,started,
5b9174fb9c3fe743b8000148,started,started,completed,started,
5b917313927cfca47000015e,,completed,started,,
5b9168c1b5ee26a2ad0001c5,completed,completed,,completed,
5b90914d927cfc3664000266,completed,completed,,completed,
5b9035b2821b9639a0000072,,,,,
5b8fe7007fd36a867b00000f,,completed,,,
5b8fc43caa33d10fb8000011,,,,completed,
5b8f1e12aa33d152cf000048,started,started,started,,
5b8da8e023cd5397210001e7,,completed,,,
5b8d92e59c3fe7372b000029,completed,completed,completed,completed,
5b8d8f9a821b9643cc000240,,,,,
5b8c8a56b1b21ebaf30001bb,started,,,started,started
5b8c23a6aa1244e8810000b9,,completed,,,
5b8b2c1eaa33d13d6e000153,,,completed,completed,
5b8aef81b1b21eaa77000015,,completed,,completed,
5b89c350b1b21e80c10001ca,,,,,
5b897e9faa1244fccf000037,,,,,
5b894e41aa33d11f1a0001a6,completed,,completed,started,started
5b89024f9e84713c2b0001e9,,,,started,
5b8844657fd36acdfc0001a8,,started,,,started
5b883aaeb1b21e76870000b5,,,,started,
5b87e4d17fd36a27af000009,,started,,,
5b87d31823cd539af4000247,completed,,started,,completed
5b87312251d6f5e4fa00011b,,,,completed,
5b871faf9e84716712000160,,started,,,
5b870d46961bae67c70000be,,,,started,
5b86f60bb5ee26e87c0000cd,started,,,,
5b86e4f1b1b21e07ce000289,,started,completed,completed,completed
5b860074b1b21e8e65000068,,,,,
5b85e12a961baeaf510002a5,,,,,
5b85a1f52ddfa34feb0000c7,started,,started,,started
5b85a1de51d6f5588a0000c6,completed,,,completed,
5b85983d9e8471cc94000298,completed,started,,completed,
5b8596d5aa124497cb000227,,started,,,
5b8554cc961bae4d04000368,started,completed,completed,started,completed
5b84e173b1b21e8569000212,started,completed,started,started,
5b84ad6e927cfcd55100016b,started,started,completed,started,
5b84a04f23cd5372cf00002d,,completed,started,,
5b8487d7927cfc23480001b6,completed,completed,,completed,
5b847add51d6f5dea80000bd,completed,completed,,completed,
5b84452db1b21eaf3c0001b3,,,,,
5b842fda23cd530b930002ae,,completed,,,
5b841609b5ee2618af000036,,,,completed,
5b82d88a9e8471661e000371,started,started,started,,
5b81a59daa33d19ddf000203,,completed,,,
5b803693aa33d1974e0000d7,completed,completed,completed,completed,
5b802eede12813bff9000022,,,,,
5b7f46c4821b9659900002a4,started,,,started,started
5b7f3098961baedd530000dc,,completed,,,
5b7ef6bfe12813820400003c,,,completed,completed,
5b7eea53aa33d19d5b0001b0,,completed,,completed,
5b7ecf5d2524c811d8000258,,,,,
5b7ebe942524c8c2b20002ec,,,,,
5b7e323f961bae5952000234,completed,,completed,started,started
5b7dc769aa33d102bd000016,,,,started,
5b7dbab058212275600000ce,,started,,,started
5b7d53d39e847124600001df,,,,started,
5b7ccde5821b96213900020e,,started,,,
5b7c788323cd534d5e0001c2,completed,,started,,completed
5b7c32a5961baef4c00001f1,,,,completed,
5b7aebe22524c8e7f8000197,,started,,,
5b7a39699e8471ed2c0003bc,,,,started,
5b7a38c423cd5314c40000a4,started,,,,
5b7a09da2ddfa3f65b0002b5,,started,completed,completed,completed
5b7887222ddfa3d1d40002c8,,,,,
5b77330c9e84713c38000042,,,,,
5b75ef22aa33d1956b00019b,started,,started,,started
5b74b37d836966f47f000008,completed,,,completed,
5b7488499e84710aeb00005c,completed,started,,completed,
5b737cb523cd5311b9000334,,started,,,
5b72e1082ddfa342a90000dc,started,completed,completed,started,completed
5b722b1e9e8471d4f900024e,started,completed,started,started,
5b71d43e2524c8bfa0000070,started,started,completed,started,
5b71d1919e8471a23e00003b,,completed,started,,
5b71694de1281395ad00039b,completed,completed,,completed,
5b714830b1b21ec1630001f6,completed,completed,,completed,
5b6f8a7ce12813a14100033f,,,,,
5b6f6a5a821b9681990002ce,,completed,,,
5b6f06deb1b21efcac0002ce,,,,completed,
5b6e5ce723cd5309a2000014,started,started,started,,
5b6e1debb5ee261b2c00017b,,completed,,,
5b6df87caa33d1990b0000c1,completed,completed,completed,completed,
5b6cc2f42ddfa37de800009f,,,,,
5b6c9617961bae6e9c0000d9,started,,,started,started
5b6b9b81961bae595d00039d,,completed,,,
5b6a1efe961bae1a1a000415,,,completed,completed,
5b68aa3423cd538f3e000196,,completed,,completed,
5b67762a2ddfa361e90001ba,,,,,
5b66492d2524c8212300004d,,,,,
5b652c74836966f69800005b,completed,,completed,started,started
5b6522ce58212238bf000450,,,,started,
5b650a42961baea27800017b,,started,,,started
5b636bfb821b96331100036d,,,,started,
5b63171d8369669290000367,,started,,,
5b60da80836966361f000098,completed,,started,,completed
5b609075836966eedc0001d2,,,,completed,
5b5fc6e4b5ee268072000233,,started,,,
5b5ef63c2524c8babc00018d,,,,started,
5b5e40b0e12813da69000541,started,,,,
5b5cc54daa33d132b8000118,,started,completed,completed,completed
5b5907e223cd5392bc0001de,,,,,
5b57e9ffb5ee261335000186,,,,,
5b5788b49e84716fbf000115,started,,started,,started
5b5657e5b1b21ed447000184,completed,,,completed,
5b54ddbf2ddfa398af00003c,completed,started,,completed,
5b514137b1b21e19ca000251,,started,,,
5b5101962524c84ae40001e0,started,completed,completed,started,completed
5b4ef4909e8471e91d0001a8,started,completed,started,started,
5b4a522bb1b21e344d00016c,started,started,completed,started,
5b4818cb58212227d8000077,,completed,started,,
5b47ff8ab1b21e3a2500019c,completed,completed,,completed,
5b43feeeb5ee2621340003ca,completed,completed,,completed,
5b42573b2ddfa3f24e00019f,,,,,
5b419a482524c8f451000046,,completed,,,
5b41398aaa33d1372000033b,,,,completed,
5b40dc90e12813d1c0000181,started,started,started,,
5b3e404cb5ee267a660000b7,,completed,,,
5b3c0f4caa33d1a60b00010a,completed,completed,completed,completed,
5b3a5e41961baed021000246,,,,,
5b366d0f2524c814160001d1,started,,,started,started
5b357346b5ee2688360000ce,,completed,,,
5b350768961bae618d0000ae,,,completed,completed,
5b34f6182524c831f200030f,,completed,,completed,
5b33d2f8b5ee2685900000c5,,,,,
5b2d3aa9b5ee26650c000270,,,,,
5b2c7ee323cd530bc8000494,completed,,completed,started,started
5b27ce9eb1b21e3c400001b1,,,,started,
5b2697a12524c8616a0000c7,,started,,,started
5b231d7caa33d1f9290000b2,,,,started,
5b21d3238369666f2d00039d,,started,,,
5b20a3f72524c890d6000056,completed,,started,,completed
5b2066d9aa33d172c1000098,,,,completed,
5b19b4328369662439000052,,started,,,
5b1977e083696666d4000166,,,,started,
5b17479baa33d1a5920000e9,started,,,,
5b1600dbb5ee26b67b00017c,,started,completed,completed,completed
5b1541ffb5ee2696290006c2,,,,,
5b12c3ea9e8471023700024b,,,,,
5b0df9dc2524c8b3380003c1,started,,started,,started
5b0d66db92f407e84a0000b4,completed,,,completed,
5b0cd97ddd1ede9b490002ad,completed,started,,completed,
5b078fb8aa33d160460002fe,,started,,,
5b0471f58369667819000133,started,completed,completed,started,completed
5b021c35582122ff9a0002c7,started,completed,started,started,
5afed2819e8471826e0002f0,started,started,completed,started,
5afe473a582122080e0004a3,,completed,started,,
5afc8d9723cd53c59000002e,completed,completed,,completed,
5afc6291dd1ede44a50001ca,completed,completed,,completed,
5af9f77c9e84714eaf000097,,,,,
5aede67d92f40745fb00008d,,completed,,,
5ae27a63836966ed930004a9,,,,completed,
5ae237feb1b21e1961000109,started,started,started,,
5aceabe12524c87a26000004,,completed,,,
5aca914ae12813aa07000472,completed,completed,completed,completed,
5ac91e2be12813a6f500010c,,,,,
5ac52421e12813993d0000e4,started,,,started,started
5ac44697e128134056000354,,completed,,,
5ac17156aa33d1bd780001b0,,,completed,completed,
5abbb8a4dd1edef0230001c3,,completed,,completed,
5abacb55821b96699300015a,,,,,
5aa6e351dd1edec7d40002e9,,,,,
5aa4c553821b96714b000424,completed,,completed,started,started
5aa44437821b96b1b8000443,,,,started,
5a950010b5ee26454a0002d9,,started,,,started
5a8dbdaa961bae3a40000117,,,,started,
5a8cbf519e8471f04000009a,,started,,,
5a8c3feee12813f62800034e,completed,,started,,completed
5a8396c6854be98125000f98,,,,completed,
5a6e66e223cd53bf1e0007b9,,started,,,
5a6de558961baed7f600172c,,,,started,
5a6d511392f40713c300055e,started,,,,
5a67761f5821225bfa000a9e,,started,completed,completed,completed
5a563c9c2524c8e170000e4f,,,,,
5a551c3d5821224ec20002e4,,,,,
5a531245dd1ede1fc80004ba,started,,started,,started
5a4b63d15821226431000e4a,completed,,,completed,
5a46eb512524c82857000995,completed,started,,completed,
5a4592479e847190bb000ab4,,started,,,
5a4478b3821b96e769000555,started,completed,completed,started,completed
5a3735012524c80bab0000a9,started,completed,started,started,
5a2010ba92f40742e1000021,started,started,completed,started,
5a1f056caa33d13fc9000189,,completed,started,,
5a1c57dfe1281358890000c3,completed,completed,,completed,
5a12dfd49ad7f52dca000346,completed,completed,,completed,
5a0c47689e847135ca000197,,,,,
5a0bb3599e847188d8000025,,completed,,,
5a0b32d292f407a911000083,,,,completed,
5a09f7b55821225b2b00012a,started,started,started,,
5a07c42a92f4070b65000284,,completed,,,
5a009e8a821b965ee1000030,completed,completed,completed,completed,
59e7661d5821222cce00015a,,,,,
59e5eb24aa33d135130000eb,started,,,started,started
59e4f8b2821b96d1510000a9,,completed,,,
59e1422f5821221c53000064,,,completed,completed,
59e0c42d92f407f8150001e7,,completed,,completed,
59d3c869aa33d1be1400001f,,,,,
59d3ada1854be9e6ca000008,,,,,
59d1eba3dd1edebde40002a7,completed,,completed,started,started
59d13ea7821b9698a3000230,,,,started,
59cb1caf23cd53927c00020a,,started,,,started
59cb1067aa33d1cea300021b,,,,started,
59c9eb94821b96c425000278,,started,,,
59c95a6faa33d1caaf00005d,completed,,started,,completed
59c92dca2ddfa3b941000215,,,,completed,
59c5148792f407715a000010,,started,,,
59c4c556821b96472300011c,,,,started,
59c1aeb3aa33d18aab000240,started,,,,
59c09c82e12813f057000181,,started,completed,completed,completed
59bf3890821b96145500006d,,,,,
59bad87c92f4073a8b0001e8,,,,,
59b16f7b2ddfa3ee0e0001cc,started,,started,,started
59aff8df5821221e56000266,completed,,,completed,
59a85cff582122c4770001df,completed,started,,completed,
59a6ea7b2524c8dd35000060,,started,,,
59a6c648b5ee263b0c000030,started,completed,completed,started,completed
59a6b17258212203c1000167,started,completed,started,started,
5998b8bbaa33d1441b0001e8,started,started,completed,started,
5995e653854be9ecfe000039,,completed,started,,
5983ecefaa33d18e9b000383,completed,completed,,completed,
5978ae8c2ddfa3c1f5000057,completed,completed,,completed,
5978369492f407880d0004a3,,,,,
596f8f46854be9184900010d,,completed,,,
596439cb2ddfa31db00001c9,,,,completed,
594d854283696671870001a3,started,started,started,,
59409b962524c8225f000496,,completed,,,
59379ea2e12813b9320003cd,completed,completed,completed,completed,
592ec2d95821227ce200025a,,,,,
5929e7af854be9f3fb000247,started,,,started,started
5926fb619ad7f5b71200001e,,completed,,,
590809942524c854580002ef,,,completed,completed,
5904c4182ddfa39c81000487,,completed,,completed,
58fc595c836966109f000432,,,,,
58f1195192f407154a00017d,,,,,
58efc2f7836966cfa4000215,completed,,completed,started,started
58e937b3582122cb8f000026,,,,started,
58e56af1854be907a300010c,,started,,,started
58d547479ad7f514da000302,,,,started,
58d2946b582122e95800028b,,started,,,
58d15f92854be90302000030,completed,,started,,completed
58cf7206854be9c4c20000f9,,,,completed,
58c984409ad7f56742000065,,started,,,
58c829059ad7f5b8330001b6,,,,started,
58b6564d854be917de0002d4,started,,,,
58af7cce2524c86d80000332,,started,completed,completed,completed
589e2edf2ddfa3465b00020d,,,,,
589b889c836966c103000157,,,,,
5893800192f407f588000271,started,,started,,started
588f601e5821229a1100006d,completed,,,completed,
588a712192f407d89c00020a,completed,started,,completed,
5887a77e582122888b0000ce,,started,,,
586dc08e2524c8b72f000018,started,completed,completed,started,completed
586d95dd836966874d000369,started,completed,started,started,
586ab79a2ddfa375b600046b,started,started,completed,started,
5bb52b5eb1b21ecaed000103,,completed,started,,
5bb5298151d6f509d8000111,completed,completed,,completed,
5bb52805821b968f25000135,completed,completed,,completed,
5bb52805aa33d19405000075,,,,,
5bb526a29e8471839d000129,,completed,,,
5bb5268a9e8471a2a100015a,,,,completed,
5bb52624927cfc26e50000a0,started,started,started,,
5bb52621b5ee2653cc000137,,completed,,,
5bb52615961bae8bb6000186,completed,completed,completed,completed,
5bb525e923cd531fdc00007a,,,,,
5bb525dfb1b21ee9d90000cc,started,,,started,started
5bb5254caa1244b8db000305,,completed,,,
5bb52533b1b21e5bc10000e2,,,completed,completed,
5bb5252c821b965fbc000175,,completed,,completed,
5bb524f4b5ee26ab8c000119,,,,,
5bb524ee9e847135a3000334,,,,,
5bb524759c3fe7288900001d,completed,,completed,started,started
5bb524459e8471207b0000b8,,,,started,
5bb52383961baeeea00002b4,,started,,,started
5bb52225aa1244024c000130,,,,started,
5bb5221baa33d114380002cd,,started,,,
5bb521c8b1b21e7f650002e1,completed,,started,,completed
5bb521c29c3fe7230100006c,,,,completed,
5bb521677fd36a330e00000d,,started,,,
5bb5213d9c3fe7c15d00001b,,,,started,
5bb5211faa33d1dd2b000031,started,,,,
5bb52109b1b21ee9d9000030,,started,completed,completed,completed
5bb52100927cfccd5b000054,,,,,
5bb520ba23cd53e4e3000111,,,,,
5bb5209a7fd36a606c0002bc,started,,started,,started
5bb52085b5ee26551e00031d,completed,,,completed,
5bb5207651d6f5006a000006,completed,started,,completed,
5bb52067927cfcbccc0002c3,,started,,,
5bb52036aa1244e63b00001f,started,completed,completed,started,completed
5bb5203223cd536316000180,started,completed,started,started,
5bb51f63821b96fb7200014d,started,started,completed,started,
5bb51f2f9e8471dadb000252,,completed,started,,
5bb51f279e8471b1500002de,completed,completed,,completed,
5bb51efc927cfcc9b200026b,completed,completed,,completed,
5bb51e8a23cd53b180000021,,,,,
5bb51e3e9c3fe778ae00003c,,completed,,,
5bb51e189e84714a55000026,,,,completed,
5bb51d9a961bae1d8800007d,started,started,started,,
5bb51d9823cd5329a400031a,,completed,,,
5bb51d8baa33d1143800022f,completed,completed,completed,completed,
5bb51d38b5ee2674ac0002d0,,,,,
5bb51d0023cd53a7aa0001ff,started,,,started,started
5bb51c347fd36a53a00002f9,,completed,,,
5bb51c28927cfc82830002e2,,,completed,completed,
5bb51c22b5ee26b755000294,,completed,,completed,
5bb51c07aa1244024c000041,,,,,
5bb51b98aa33d1fca8000096,,,,,
5bb51b8c961baee55300027e,completed,,completed,started,started
5bb51b6f961bae1995000203,,,,started,
5bb51b6eb5ee26623b0002d8,,started,,,started
5bb51b4f23cd536383000293,,,,started,
5bb51b32961baeb19e000244,,started,,,
5bb51a2caa124420000002ab,completed,,started,,completed
5bb518437fd36a4b8b0001e5,,,,completed,
5bb5177faa33d136f20002ea,,started,,,
5bb5177baa12441f580001b7,,,,started,
5bb5176eb1b21ee6fc00016f,started,,,,
5bb51724b5ee26c1420001d4,,started,completed,completed,completed
5bb51709aa1244f7980001d0,,,,,
5bb516fc51d6f501cc00017d,,,,,
5bb516f17fd36a250a000273,started,,started,,started
5bb516829e847138c10001b2,completed,,,completed,
5bb5165b7fd36a5f450001a8,completed,started,,completed,
5bb515e7961baef8ad0001de,,started,,,
5bb515b2961bae14960001b5,started,completed,completed,started,completed
5bb515b1aa33d1f72e000139,started,completed,started,started,
5bb515acaa1244043900020a,started,started,completed,started,
5bb514f3aa33d1eedb0001b2,,completed,started,,
5bb51457aa33d1a0a10001a1,completed,completed,,completed,
5bb5144daa124466af0001f2,completed,completed,,completed,
5bb5143f961baeb19e00011e,,,,,
5bb51435821b96d999000186,,completed,,,
5bb513fc51d6f554b5000115,,,,completed,
5bb513b623cd535888000118,started,started,started,,
5bb513b4aa124404390001bb,,completed,,,
5bb513aab1b21eba5f000175,completed,completed,completed,completed,
5bb513a09e8471075300018c,,,,,
5bb51361961bae933e0000d8,started,,,started,started
5bb5135651d6f5819f00021e,,completed,,,
5bb51344aa124415fe000192,,,completed,completed,
5bb5130023cd533738000152,,completed,,completed,
5bb512fc51d6f520c30000c1,,,,,
5bb5125c7fd36a53a0000176,,,,,
5bb511dcb1b21eba260000f4,completed,,completed,started,started
5bb5118123cd53dd90000290,,,,started,
5bb510bdaa33d1018b00011f,,started,,,started
5bb5106823cd5333400000e8,,,,started,
5bb51030aa12449e5f00016f,,started,,,
5bb50ff4aa33d1af620000d9,completed,,started,,completed
5bb50feaaa33d1eedb000113,,,,completed,
5bb50f50927cfc962b0000eb,,started,,,
5bb50f28821b9658da000157,,,,started,
5bb50f18927cfc8283000111,started,,,,
5bb50f17821b961f2900000d,,started,completed,completed,completed
5bb50e239e847164eb00001c,,,,,
5bb50dccaa124480cc00013d,,,,,
5bb50c99b5ee264d4300014c,started,,started,,started
5bb50c2eaa12440e2b0000a4,completed,,,completed,
5bb50b519e847107530000af,completed,started,,completed,
5bb50b519e8471691c00009e,,started,,,
5bb50b32b5ee264d4300011a,started,completed,completed,started,completed
5bb50ae69c3fe7978c00006b,started,completed,started,started,
5bb50a6f9c3fe7b177000005,started,started,completed,started,
5bb50a18aa1244294100003a,,completed,started,,
5bb509bbaa1244d79300003e,completed,completed,,completed,
5bb508ccaa1244d79300002f,completed,completed,,completed,
5bb508aa9c3fe70870000017,,,,,
5bb50883821b96077600023a,,completed,,,
5bb50871aa33d19d8d000012,,,,completed,
5bb50847aa33d1a103000013,started,started,started,,
5bb5083aaa12445b8c0000ac,,completed,,,
5bb5083a961baeaf780002aa,completed,completed,completed,completed,
5bb50814961baeb58d000036,,,,,
5bb507c5aa1244f42e000067,started,,,started,started
5bb50715927cfc33f900025f,,completed,,,
5bb506bdaa1244c8930002d6,,,completed,completed,
5bb5062db1b21eca23000271,,completed,,completed,
5bb505ffb5ee264d43000074,,,,,
5bb505d9b1b21e4ebf000228,,,,,
5bb505ce927cfcea4e000276,completed,,completed,started,started
5bb505aab1b21e713e000306,,,,started,
5bb505519c3fe73f8f000276,,started,,,started
5bb5054ab1b21e1f5e00024f,,,,started,
5bb505477fd36a8d350002aa,,started,,,
5bb504ffb1b21ef8350002cd,completed,,started,,completed
5bb504dbb5ee262c4900000e,,,,completed,
5bb504d9821b96b4e9000265,,started,,,
5bb504a9b5ee262c49000009,,,,started,
5bb5048b51d6f5149b00023f,started,,,,
5bb50473961bae2f50000262,,started,completed,completed,completed
5bb503d123cd53e5ca00025c,,,,,
5bb503d0aa33d11537000254,,,,,
5bb5032d23cd53e5ca00024a,started,,started,,started
5bb502d4821b9607760001ab,completed,,,completed,
5bb50284b1b21ea68600023e,completed,started,,completed,
5bb5027f927cfc4b6f000226,,started,,,
5bb5024c51d6f53d4300026b,started,completed,completed,started,completed
5bb50211961bae279f000224,started,completed,started,started,
5bb501f47fd36a055600019c,started,started,completed,started,
5bb501f123cd53e112000246,,completed,started,,
5bb501a7821b96ba6e00016a,completed,completed,,completed,
5bb50193aa1244a46d000259,completed,completed,,completed,
5bb5012f51d6f5149b0001c4,,,,,
5bb50098b5ee26a3550001d9,,completed,,,
5bb50047821b96ccd900020c,,,,completed,
5bb50034927cfcbb310001d6,started,started,started,,
5bb5002c23cd53abbf000187,,completed,,,
5bb5000a821b96cc03000194,completed,completed,completed,completed,
5bb4ffe69e847126780001fa,,,,,
5bb4ff3223cd533ef4000226,started,,,started,started
5bb4ff0a927cfc5b340001dd,,completed,,,
5bb4fea723cd5382640001a7,,,completed,completed,
5bb4fe3eb1b21ed2840001b3,,completed,,completed,
5bb4fe2823cd53e5ca0001a1,,,,,
5bb4fe1a23cd53785c000158,,,,,
5bb4fd067fd36a7c3a000146,completed,,completed,started,started
5bb4fca19c3fe7a69300016e,,,,started,
5bb4fbad927cfc888500010d,,started,,,started
5bb4fb459e8471383a0001da,,,,started,
5bb4fb22961bae23430000d1,,started,,,
5bb4fa77b1b21ed4d30000db,completed,,started,,completed
5bb4fa6923cd53a82f0000cf,,,,completed,
5bb4f9cc821b9644a9000149,,started,,,
5bb4f9af927cfc4b6f0000f2,,,,started,
5bb4f96f9c3fe74e9b0000b6,started,,,,
5bb4f96a7fd36aedff0001b8,,started,completed,completed,completed
5bb4f9577fd36a0c820000aa,,,,,
5bb4f949961bae8bf10000d9,,,,,
5bb4f93c9c3fe73c5f000173,started,,started,,started
5bb4f8f1927cfcbb310000e1,completed,,,completed,
5bb4f8e9aa1244d89b0000e1,completed,started,,completed,
5bb4f8e7aa12441046000107,,started,,,
5bb4f8be961bae130f000129,started,completed,completed,started,completed
5bb4f8beb1b21ea686000103,started,completed,started,started,
5bb4f8ac9e84716d860000ff,started,started,completed,started,
5bb4f8a3927cfc99ac0000e0,,completed,started,,
5bb4f880b5ee269f5f0000ce,completed,completed,,completed,
5bb4f87cb1b21ec5ca0000db,completed,completed,,completed,
5bb4f856aa33d109e0000122,,,,,
5bb4f813aa1244d89b0000bd,,completed,,,
5bb4f7edaa33d102690000e1,,,,completed,
5bb4f7abaa33d1d3f80000d1,started,started,started,,
5bb4f7a29e8471a63c0000c7,,completed,,,
5bb4f797b1b21eca0d00006a,completed,completed,completed,completed,
5bb4f78a9e8471852400009e,,,,,
5bb4f76faa33d1fb6c000114,started,,,started,started
5bb4f767821b9644a9000107,,completed,,,
5bb4f7469e8471fcc00000ae,,,completed,completed,
5bb4f737b5ee26e99d000060,,completed,,completed,
5bb4f721b1b21e0efd0000a7,,,,,
5bb4f71baa1244a46d00010f,,,,,
5bb4f700aa1244af93000121,completed,,completed,started,started
5bb4f6f5961baece53000116,,,,started,
5bb4f6e3aa33d102690000bc,,started,,,started
5bb4f6d2927cfc65f2000076,,,,started,
5bb4f6787fd36aebe70000f6,,started,,,
5bb4f630927cfc4b6f000084,completed,,started,,completed
5bb4f623961bae2e490000b9,,,,completed,
5bb4f6109c3fe7edbc00009c,,started,,,
5bb4f600aa124427ea0000f2,,,,started,
5bb4f5e1927cfc33f9000049,started,,,,
5bb4f52caa1244a6f00000cf,,started,completed,completed,completed
5bb4f52351d6f5887000000f,,,,,
5bb4f4877fd36a508700004c,,,,,
5bb4f479b1b21e1b57000040,started,,started,,started
5bb4f4449e847186fb000030,completed,,,completed,
5bb4f3d4aa33d11e8700003e,completed,started,,completed,
5bb4f3d0b1b21ef2780002a2,,started,,,
5bb4f2f3aa33d1de3e0000bf,started,completed,completed,started,completed
5bb4f1e47fd36a74e5000042,started,completed,started,started,
5bb4f14c7fd36a672f0002c3,started,started,completed,started,
5bb4f0d59c3fe71ac800000f,,completed,started,,
5bb4f08c9e8471fb4700001c,completed,completed,,completed,
5bb4efde927cfcf554000035,completed,completed,,completed,
5bb4efb751d6f515ce000253,,,,,
5bb4ef24b1b21ed70f000214,,completed,,,
5bb4eeaf51d6f52f4800024f,,,,completed,
5bb4ee8daa12442192000026,started,started,started,,
5bb4edc051d6f5a3c4000248,,completed,,,
5bb4ed96aa1244aec3000206,completed,completed,completed,completed,
5bb4ed7051d6f5660a000203,,,,,
5bb4ed3d927cfc0132000230,started,,,started,started
5bb4ed3c23cd53ef6d000265,,completed,,,
5bb4ed34821b961e3a000259,,,completed,completed,
5bb4ed04aa33d1dea3000201,,completed,,completed,
5bb4ed009e847113c5000276,,,,,
5bb4ecc0b1b21e59b1000246,,,,,
5bb4ecb3961bae67c2000217,completed,,completed,started,started
5bb4ec0fb5ee26b9ff0001e2,,,,started,
5bb4ec06aa1244a3be000260,,started,,,started
5bb4ebef9e8471712600022c,,,,started,
5bb4ebb1aa33d1e36600021e,,started,,,
5bb4eb91961baece490001a4,completed,,started,,completed
5bb4eb75961baed79f0001fb,,,,completed,
5bb4eb489c3fe7bd910001be,,started,,,
5bb4eb489e847182370001d5,,,,started,
5bb4eb2f9e84713a7600021b,started,,,,
5bb4eb2f927cfc68100001d7,,started,completed,completed,completed
5bb4eb1c961baea0ae0001be,,,,,
5bb4eb127fd36ad335000203,,,,,
5bb4eb0123cd533b28000217,started,,started,,started
5bb4eae79c3fe7bd910001b0,completed,,,completed,
5bb4eae2b1b21e03de000229,completed,started,,completed,
5bb4eacdaa33d107090001f7,,started,,,
5bb4eac6b5ee265aa6000211,started,completed,completed,started,completed
5bb4eabf51d6f5e1440001b2,started,completed,started,started,
5bb4eabb9e847155e10001a5,started,started,completed,started,
5bb4eab2b5ee2673ba0001b7,,completed,started,,
5bb4ea9d927cfce6790001d1,completed,completed,,completed,
5bb4ea8e9c3fe709430001d6,completed,completed,,completed,
5bb4ea8cb5ee2653cb0001ec,,,,,
5bb4ea8bb5ee26a0560001d4,,completed,,,
5bb4ea8a927cfc995b000236,,,,completed,
5bb4ea85821b96f9dc000203,started,started,started,,
5bb4ea71b5ee26df6e0001d1,,completed,,,
5bb4ea60b1b21e60b00001ab,completed,completed,completed,completed,
5bb4ea49b5ee26a0560001cb,,,,,
5bb4ea0623cd536b4b0001e5,started,,,started,started
5bb4e9f4821b967b330001c6,,completed,,,
5bb4e9af23cd5308460001e8,,,completed,completed,
5bb4e9ad7fd36ad3350001db,,completed,,completed,
5bb4e982aa1244916c0001c3,,,,,
5bb4e95eb5ee26b3fb0001da,,,,,
5bb4e90a961baee085000198,completed,,completed,started,started
5bb4e907927cfc16a200016c,,,,started,
5bb4e8c9821b966336000167,,started,,,started
5bb4e8bb51d6f5beb6000187,,,,started,
5bb4e8a7821b9647620001a5,,started,,,
5bb4e8a5927cfc22200001ec,completed,,started,,completed
5bb4e767aa1244a3be0001cb,,,,completed,
5bb4e5f49c3fe70943000160,,started,,,
5bb4e4fab5ee26df6e000139,,,,started,
5bb4e4d6aa124472dd000173,started,,,,
5bb4e4307fd36ae2a700011b,,started,completed,completed,completed
5bb4e400b1b21e8cc600012d,,,,,
5bb4e3d79c3fe7ba9c000158,,,,,
5bb4e263aa33d1d3c70000df,started,,started,,started
5bb4e1c0821b96d55e00012e,completed,,,completed,
5bb4e0f023cd53d0d70000c6,completed,started,,completed,
5bb4df799c3fe76a830000c7,,started,,,
5bb4de2a51d6f51f620000aa,started,completed,completed,started,completed
5bb4dd0baa33d195b400007b,started,completed,started,started,
5bb4dcabb1b21e08e7000068,started,started,completed,started,
5bb4dc9bb5ee2636bc000055,,completed,started,,
5bb4dc7a821b964762000059,completed,completed,,completed,
5bb4dc3e9c3fe78bce000057,completed,completed,,completed,
5bb4dc229e84713a76000057,,,,,
5bb4dc1f961baed79f000057,,completed,,,
5bb4dc0d23cd53d93100003f,,,,completed,
5bb4dc067fd36a3272000046,started,started,started,,
5bb4dbf023cd53ef6d00005e,,completed,,,
5bb4dbe8b1b21ed70f00003e,completed,completed,completed,completed,
5bb4dbe7aa124417d200004b,,,,,
5bb4dbe6821b96104800005c,started,,,started,started
5bb4dbe4aa12447054000063,,completed,,,
5bb4dbe3b1b21e9a2800004b,,,completed,completed,
5bb4dbe39c3fe7094300003f,,completed,,completed,
5bb4dbe09e84710ea6000057,,,,,
5bb4db9a7fd36aa603000046,,,,,
5bb4db9851d6f51bfc00005b,completed,,completed,started,started
5bb4db15821b96efd500003a,,,,started,
5bb4dac6b5ee269fc1000044,,started,,,started
5bb4d95c927cfce679000002,,,,started,
5bb4d956aa33d1e403000001,,started,,,
5bb4d94823cd53aedd000163,completed,,started,,completed
5bb4d927b5ee26dee2000118,,,,completed,
5bb4d922b5ee26441f000103,,started,,,
5bb4d8cf23cd533ab1000132,,,,started,
5bb4d814aa33d1353b000122,started,,,,
5bb4d7fd961bae0c46000107,,started,completed,completed,completed
5bb4d7e89c3fe7a3af0000c2,,,,,
5bb4d54f23cd534c090000a3,,,,,
5bb4d45751d6f5cd750000c1,started,,started,,started
5bb4d40d51d6f5174100008b,completed,,,completed,
5bb4d229aa33d1d35d00005c,completed,started,,completed,
5bb4d1ddb5ee26441f000055,,started,,,
5bb4cfb49e84715316000016,started,completed,completed,started,completed
5bb4cf977fd36a76e300000a,started,completed,started,started,
5bb4cef0b5ee26a79b000025,started,started,completed,started,
5bb4ce46821b96c9340001ad,,completed,started,,
5bb4cc33961bae2536000033,completed,completed,,completed,
5bb4c74b821b9667f6000023,completed,completed,,completed,
5bb4c6289e84718d9100013a,,,,,
5bb4c5de23cd53fd3300012a,,completed,,,
5bb4c3d351d6f5e795000137,,,,completed,
5bb4c26d927cfcd90d000087,started,started,started,,
5bb4c085b1b21e4d3b00015c,,completed,,,
5bb4bf7d961bae696c00004b,completed,completed,completed,completed,
5bb4bd1b9c3fe707b4000280,,,,,
5bb4b6aeb5ee2673860001e7,started,,,started,started
5bb4b49caa1244790e00019a,,completed,,,
5bb4ab32b5ee26e8e20000db,,,completed,completed,
5bb48745aa33d1f293000083,,completed,,completed,
5bb47f98961baed480000052,,,,,
5bb47bd9b5ee26efd6000016,,,,,
5bb47864821b963bb9000211,completed,,completed,started,started
5bb47255961bae681d000312,,,,started,
5bb46eb9aa12447510000265,,started,,,started
5bb46b2c9c3fe7643a0002a3,,,,started,
5bb46775aa33d12e610000da,,started,,,
5bb46053b5ee26cd620001dd,completed,,started,,completed
5bb460039e8471e6c80001b4,,,,completed,
5bb45f5d9e8471204f00020a,,started,,,
5bb45d4c51d6f5b1de000162,,,,started,
5bb45c58961bae681d000175,started,,,,
5bb4526a23cd539f85000068,,started,completed,completed,completed
5bb451fcaa33d127670000fe,,,,,
5bb44ee4b5ee26fd8f00003a,,,,,
5bb44c2ab5ee2624b10000d5,started,,started,,started
5bb44b119e8471204f0000b2,completed,,,completed,
5bb44ac89e84716bf700032f,completed,started,,completed,
5bb44a6b9c3fe7bbf8000063,,started,,,
5bb449c551d6f568b2000393,started,completed,completed,started,completed
5bb449c323cd53c9dc000180,started,completed,started,started,
5bb447b89e8471ae500001b1,started,started,completed,started,
5bb446e97fd36a881500009b,,completed,started,,
5bb445f4b5ee261707000130,completed,completed,,completed,
5bb445e2b5ee26d615000379,completed,completed,,completed,
5bb445b3927cfc6a61000323,,,,,
5bb445329e847156f90003cf,,completed,,,
5bb4435c9e84710fa7000055,,,,completed,
5bb441bfb5ee26b793000045,started,started,started,,
5bb44096b5ee2617070000da,,completed,,,
5bb4402c23cd535b4300028c,completed,completed,completed,completed,
5bb43e8daa124465b100031b,,,,,
5bb43d4faa124455b500031f,started,,,started,started
5bb43917821b969ee600032c,,completed,,,
5bb437c023cd53a9df0002db,,,completed,completed,
5bb435dcb5ee26d9210002b6,,completed,,completed,
5bb4344d821b9650f6000286,,,,,
5bb433737fd36a1a510002a5,,,,,
5bb431c0961bae17e20001e5,completed,,completed,started,started
5bb43159961baeffd400022e,,,,started,
5bb4314523cd53dc4c0002ce,,started,,,started
5bb42df49c3fe72f0c0001d1,,,,started,
5bb42c74b1b21e3d66000164,,started,,,
5bb42adeaa33d150680001d0,completed,,started,,completed
5bb42778aa33d1349a00018d,,,,completed,
5bb426909c3fe7b43f000188,,started,,,
5bb42518aa33d114470000e0,,,,started,
5bb4226d9c3fe7719c00017e,started,,,,
5bb4225eb5ee26a3680000ef,,started,completed,completed,completed
5bb421fcb5ee26b3fa0000f8,,,,,
5bb4215e51d6f5277f00015c,,,,,
5bb41e18961baeb43d00009c,started,,started,,started
5bb41dd3b1b21ece0d000030,completed,,,completed,
5bb41dce927cfc3dca0000d6,completed,started,,completed,
5bb41d73b5ee26b3fa00009a,,started,,,
5bb41c70aa124454f7000008,started,completed,completed,started,completed
5bb41a487fd36a1e6100005d,started,completed,started,started,
5bb41934b1b21eb5970000b6,started,started,completed,started,
5bb418f1aa1244d4d3000051,,completed,started,,
5bb418709e8471b09200038d,completed,completed,,completed,
5bb4168523cd53fce80003da,completed,completed,,completed,
5bb4167cb1b21eccf7000001,,,,,
5bb415c9927cfc5f82000364,,completed,,,
5bb4135d9e8471d220000035,,,,completed,
5bb41242b5ee263904000345,started,started,started,,
5bb4122e821b96e354000335,,completed,,,
5bb411a9aa12441cea00033f,completed,completed,completed,completed,
5bb4104523cd53a86f000280,,,,,
5bb410319c3fe7c4ef0002f8,started,,,started,started
5bb41008821b96bbd400031b,,completed,,,
5bb40fe3aa12440b7e00031c,,,completed,completed,
5bb40fe0927cfcaa66000339,,completed,,completed,
5bb40efab5ee26cd3e000377,,,,,
5bb40e6baa33d190950002ef,,,,,
5bb40e369c3fe7eef3000314,completed,,completed,started,started
5bb40df423cd53ef53000204,,,,started,
5bb40c65821b96caaf000302,,started,,,started
5bb40ba99e84717bcd00029d,,,,started,
5bb40a9b927cfc9dbc0002e7,,started,,,
5bb40a07927cfc32b8000288,completed,,started,,completed
5bb4094851d6f5fe9f000286,,,,completed,
5bb409467fd36aa51b000256,,started,,,
5bb407d723cd534403000213,,,,started,
5bb406fd51d6f5d11300023a,started,,,,
5bb406059c3fe76a8c0001dd,,started,completed,completed,completed
5bb4048b7fd36a29ec00020e,,,,,
5bb404799e84715ed6000213,,,,,
5bb403f7821b96570900025b,started,,started,,started
5bb4031751d6f5849b0001fb,completed,,,completed,
5bb400b4927cfcec910001b9,completed,started,,completed,
5bb3ff7b51d6f507110001d4,,started,,,
5bb3fd1223cd537357000215,started,completed,completed,started,completed
5bb3fcae821b961b3a00015a,started,completed,started,started,
5bb3fc9a23cd53062c0001a0,started,started,completed,started,
5bb3fb2e961baef29200018c,,completed,started,,
5bb3facf7fd36aba2c0000fe,completed,completed,,completed,
5bb3fa62821b96bbd400017f,completed,completed,,completed,
5bb3f93d51d6f546b900014a,,,,,
5bb3f89251d6f5b42e000161,,completed,,,
5bb3f78851d6f5144e00015e,,,,completed,
5bb3f708821b96caaf000146,started,started,started,,
5bb3f63baa1244997000011c,,completed,,,
5bb3f55caa33d13dfa000105,completed,completed,completed,completed,
5bb3f52951d6f5144e000123,,,,,
5bb3f220aa33d1ca860000c9,started,,,started,started
5bb3f074927cfc282c0000b1,,completed,,,
5bb3f04e23cd534fe6000080,,,completed,completed,
5bb3f00c7fd36adc5c0000af,,completed,,completed,
5bb3eff6961bae012e0000a0,,,,,
5bb3eed5927cfcc49d00008c,,,,,
5bb3eeacaa33d123ae00007c,completed,,completed,started,started
5bb3ed8a23cd53c99c00006c,,,,started,
5bb3ed10b5ee269f2500005e,,started,,,started
5bb3ecc17fd36a21bc000056,,,,started,
5bb3eb609c3fe71d4f000043,,started,,,
5bb3eb4523cd53026700003d,completed,,started,,completed
5bb3e96f9e8471548400001a,,,,completed,
5bb3e873aa1244c053000009,,started,,,
5bb3e83b9e8471ea1f000002,,,,started,
5bb3e7db927cfc255100014c,started,,,,
5bb3e4c851d6f5711c000142,,started,completed,completed,completed
5bb3e434821b968933000119,,,,,
5bb3e32b9e8471866d00010a,,,,,
5bb3e20faa33d1b1690000e6,started,,started,,started
5bb3e1fb961bae804a0000f3,completed,,,completed,
5bb3e147821b966f0d0000fe,completed,started,,completed,
5bb3dfd8961baedd890000c0,,started,,,
5bb3df1e9c3fe70fc80000ad,started,completed,completed,started,completed
5bb3dc52927cfca2f200006f,started,completed,started,started,
5bb3dbb77fd36ada0a00006f,started,started,completed,started,
5bb3da49b5ee2681ed000071,,completed,started,,
5bb3d8e8b1b21e51fc00002d,completed,completed,,completed,
5bb3d8e0961bae415500002d,completed,completed,,completed,
5bb3d63951d6f54841000202,,,,,
5bb3d5989e8471d93e00023d,,completed,,,
5bb3d569b1b21ecec10001c7,,,,completed,
5bb3d4a8b1b21ed24d000159,started,started,started,,
5bb3d46db1b21e6ee70001ff,,completed,,,
5bb3d3f4b5ee263e9400013e,completed,completed,completed,completed,
5bb3d27d51d6f5501e000199,,,,,
5bb3d264aa33d185900001ac,started,,,started,started
5bb3d1d4b5ee2646280001d1,,completed,,,
5bb3d1bbaa124443ba000148,,,completed,completed,
5bb3cfc8b1b21e7ded000053,,completed,,completed,
5bb3cf25aa1244a8d300012f,,,,,
5bb3cf0e7fd36a9a2e0001cd,,,,,
5bb3ced4961bae5c66000130,completed,,completed,started,started
5bb3cc6e9c3fe7c5530000f6,,,,started,
5bb3cbb951d6f5ba8900007a,,started,,,started
5bb3cb2e927cfc06b40001fc,,,,started,
5bb3ca6db5ee26931e000159,,started,,,
5bb3ca5c23cd538b5c00023a,completed,,started,,completed
5bb3ca1eaa1244dab20000fc,,,,completed,
5bb3c6f651d6f51a13000083,,started,,,
5bb3c5f2961baeca63000054,,,,started,
5bb3c5b7b1b21ea9c8000083,started,,,,
5bb3c56d7fd36a196f00012d,,started,completed,completed,completed
5bb3c3b2821b9682bd00012d,,,,,
5bb3c352aa124411c8000037,,,,,
5bb3c021aa33d1fee900021c,started,,started,,started
5bb3bf80927cfc61b4000298,completed,,,completed,
5bb3bf27b1b21ef8d8000245,completed,started,,completed,
5bb3bea2927cfc7c7900023e,,started,,,
5bb3bdc8aa124444e30001ab,started,completed,completed,started,completed
5bb3bdbbb1b21e08480001fe,started,completed,started,started,
5bb3bd9c821b96693300001d,started,started,completed,started,
5bb3bd6e51d6f5ec95000214,,completed,started,,
5bb3bd4caa33d1055800026d,completed,completed,,completed,
5bb3bccbb1b21edb4600017a,completed,completed,,completed,
5bb3bcb0b1b21edb46000177,,,,,
5bb3bca723cd5377ab000261,,completed,,,
5bb3bc8e927cfc9eba0001a2,,,,completed,
5bb3bc81927cfc821100020b,started,started,started,,
5bb3bc6623cd531ea90001f5,,completed,,,
5bb3bc459e84717aa9000236,completed,completed,completed,completed,
5bb3bc16961baefd69000223,,,,,
5bb3bbef821b962f20000235,started,,,started,started
5bb3bbe09c3fe743130001c6,,completed,,,
5bb3bae0821b969fa200020e,,,completed,completed,
5bb3ba89b1b21e47a50001d7,,completed,,completed,
5bb3b9e19e8471ee510001a5,,,,,
5bb3b9c0aa1244998600018d,,,,,
5bb3b95151d6f55d2f000194,completed,,completed,started,started
5bb3b8cdaa124414e80001f5,,,,started,
5bb3b85e961baefd690001af,,started,,,started
5bb3b816aa33d1093b00020d,,,,started,
5bb3b80faa33d1afa6000197,,started,,,
5bb3b7f67fd36ae8850001bb,completed,,started,,completed
5bb3b719aa33d193290001e3,,,,completed,
5bb3b7099e847108570000e6,,started,,,
5bb3b6af9c3fe7e54600012d,,,,started,
5bb3b67123cd537cb3000141,started,,,,
5bb3b60e51d6f5c80d000175,,started,completed,completed,completed
5bb3b5e3961bae44f5000045,,,,,
5bb3b548927cfc9eba0000db,,,,,
5bb3b500aa33d1d822000148,started,,started,,started
5bb3b4137fd36ad4e800010c,completed,,,completed,
5bb3b3cfb5ee26db35000191,completed,started,,completed,
5bb3b37823cd53919f00010f,,started,,,
5bb3b23f961baeaf84000092,started,completed,completed,started,completed
5bb3b0e4aa33d1b49c00009f,started,completed,started,started,
5bb3afdd9c3fe7e546000085,started,started,completed,started,
5bb3afcfaa33d1f7310000fa,,completed,started,,
5bb3af3a9e84710b1f0000df,completed,completed,,completed,
5bb3af22927cfcfb9b000059,completed,completed,,completed,
5bb3aee8b1b21e62770000ab,,,,,
5bb3ae16961bae2918000035,,completed,,,
5bb3acdfaa1244c220000046,,,,completed,
5bb3ac38b1b21ee64c000035,started,started,started,,
5bb3ac039c3fe75d1b000045,,completed,,,
5bb3ab5251d6f545ce00007e,completed,completed,completed,completed,
5bb3aaf151d6f5c09800000c,,,,,
5bb3aaeaaa33d16f2c00003c,started,,,started,started
5bb3aadd51d6f58cb6000046,,completed,,,
5bb3aa4caa33d1093b000068,,,completed,completed,
5bb3aa439e847179a8000057,,completed,,completed,
5bb3a89b23cd53bf8e000262,,,,,
5bb3a7989c3fe7ecb6000218,,,,,
5bb3a6939e8471fc7200023b,completed,,completed,started,started
5bb3a63951d6f5d5d200021b,,,,started,
5bb3a5667fd36a10fb0001d4,,started,,,started
5bb3a3d7aa12449adc0001fc,,,,started,
5bb3a364aa33d1a4f00001e8,,started,,,
5bb3a27651d6f5429d000177,completed,,started,,completed
5bb3a1d0aa12447dc1000174,,,,completed,
5bb39f7caa33d164b5000167,,started,,,
5bb39e90821b96732f000142,,,,started,
5bb39e18aa33d1d9ea000122,started,,,,
5bb39da2821b96f4dd000101,,started,completed,completed,completed
5bb39d1423cd537da400013e,,,,,
5bb39cf6961bae813100012d,,,,,
5bb39cf2aa33d1ac620000ea,started,,started,,started
5bb39cedb5ee2611a1000146,completed,,,completed,
5bb39c91aa1244d5ce000122,completed,started,,completed,
5bb39c6baa124406c0000100,,started,,,
5bb39c5fb5ee269e1c0000ed,started,completed,completed,started,completed
5bb39c507fd36a13be0000eb,started,completed,started,started,
5bb39c3baa33d164b50000f9,started,started,completed,started,
5bb39c31aa33d13a5f0000c8,,completed,started,,
5bb39c2ab1b21e3daf00011d,completed,completed,,completed,
5bb39c2a821b968163000119,completed,completed,,completed,
5bb39c2651d6f5f9d0000244,,,,,
5bb39c25aa12449d68000105,,completed,,,
5bb39c139e8471564b0000f5,,,,completed,
5bb39c0baa1244546600010c,started,started,started,,
5bb39bbd9c3fe7dfd20000b5,,completed,,,
5bb39a78927cfcccd10000cb,completed,completed,completed,completed,
5bb399f5b5ee264b050000c1,,,,,
5bb39985b5ee2604530000ba,started,,,started,started
5bb3997eb5ee2681c80000a5,,completed,,,
5bb398d89c3fe7808f00009f,,,completed,completed,
5bb3983e23cd5354610000ae,,completed,,completed,
5bb39783961bae29e0000182,,,,,
5bb3967a821b96c05a00006d,,,,,
5bb395f9961baed0c6000177,completed,,completed,started,started
5bb395819e847197a400003f,,,,started,
5bb39565aa12445466000057,,started,,,started
5bb394a6821b96e24f000027,,,,started,
5bb39499aa1244e6e1000028,,started,,,
5bb393b9aa33d1314400001e,completed,,started,,completed
5bb39382961bae39eb000027,,,,completed,
5bb3933b821b96e370000147,,started,,,
5bb3931a961baeabed000012,,,,started,
5bb390c1b1b21e96370000e4,started,,,,
5bb38fb4aa33d1034a0000ce,,started,completed,completed,completed
5bb38f3051d6f55f050000b8,,,,,
5bb38d7b51d6f5f9d00000a7,,,,,
5bb38b22961baecdc3000049,started,,started,,started
5bb38b1f7fd36a014200004b,completed,,,completed,
5bb38a02aa12448577000034,completed,started,,completed,
5bb389899c3fe7271900001a,,started,,,
5bb3875aaa33d1c92800000d,started,completed,completed,started,completed
5bb386edaa12446dfb00011c,started,completed,started,started,
5bb3868d961baecc0f0001b7,started,started,completed,started,
5bb3867551d6f55b3300028c,,completed,started,,
5bb384f69e847193ed000077,completed,completed,,completed,
5bb383989e84710a8700022c,completed,completed,,completed,
5bb3826a821b9662a00000c1,,,,,
5bb380d8aa12447a110000f8,,completed,,,
5bb37ee9927cfc1256000003,,,,completed,
5bb37ddf821b96407100010d,started,started,started,,
5bb37da2b1b21e4de80001b1,,completed,,,
5bb37c57b5ee26fab8000139,completed,completed,completed,completed,
5bb37baf7fd36aa4a900013f,,,,,
5bb37b69aa33d1d0150000fa,started,,,started,started
5bb37b499c3fe713550000f4,,completed,,,
5bb37b48aa33d1d4af0000c0,,,completed,completed,
5bb37b3d23cd535c800001c6,,completed,,completed,
5bb37672821b96511f00008e,,,,,
5bb375f49c3fe79cd800015e,,,,,
5bb375a89c3fe76fb7000239,completed,,completed,started,started
5bb37486aa124430660001fa,,,,started,
5bb3746cb5ee26f6a1000227,,started,,,started
5bb372de9e847136200000c7,,,,started,
5bb3726451d6f53441000001,,started,,,
5bb370b19c3fe700eb000257,completed,,started,,completed
5bb3707d9c3fe7e42c00008c,,,,completed,
5bb36fe851d6f53653000230,,started,,,
5bb36f7851d6f53653000221,,,,started,
5bb36f6f961bae30e30001d7,started,,,,
5bb36edcb1b21ec33900007d,,started,completed,completed,completed
5bb367fd9e8471d17a000280,,,,,
5bb36713aa33d1ff4c0001fc,,,,,
5bb3659c9e847195f4000061,started,,started,,started
5bb36385b1b21e334f00002f,completed,,,completed,
5bb36380961baedb60000264,completed,started,,completed,
5bb3632e821b96bf620001ff,,started,,,
5bb3618723cd53e4fa0001ec,started,completed,completed,started,completed
5bb35dd8b5ee26f5410000f0,started,completed,started,started,
5bb359c923cd53134200008a,started,started,completed,started,
5bb346a2961bae660700003f,,completed,started,,
5bb344879c3fe7680c000133,completed,completed,,completed,
5bb336649c3fe7e47f000041,completed,completed,,completed,
5bb32eaa9c3fe75d7b00010f,,,,,
5bb32c4a961bae6a660002a1,,completed,,,
5bb32a6daa124474bb00029d,,,,completed,
5bb3277c51d6f519cc000217,started,started,started,,
5bb32746927cfc54b50000c5,,completed,,,
5bb324f29c3fe7f1b4000006,completed,completed,completed,completed,
5bb322abb5ee260bc90001f4,,,,,
5bb320839c3fe73e3e0000fb,started,,,started,started
5bb319a7b1b21e086800007e,,completed,,,
5bb31956961bae8cdf0001de,,,completed,completed,
5bb3170e51d6f5f60200012a,,completed,,completed,
5bb316199e84717f550001b8,,,,,
5bb315ffb1b21e243e000833,,,,,
5bb312d623cd536e920005f8,completed,,completed,started,started
5bb3127cb1b21e19840003e7,,,,started,
5bb310f923cd53536a0002a4,,started,,,started
5bb30de3b1b21e34fb0001f5,,,,started,
5bb3089e821b968c0600002f,,started,,,
5bb303639c3fe71b59000a06,completed,,started,,completed
5bb300a6b5ee26df520000cf,,,,completed,
5bb30097821b966fef0009c8,,started,,,
5bb2ff41927cfc69b60008ed,,,,started,
5bb2fe46aa1244cbec0000ea,started,,,,
5bb2fd11821b96d4d100058e,,started,completed,completed,completed
5bb2fd02aa124436be00013f,,,,,
5bb2fc90961baebe9600025c,,,,,
5bb2fa72aa33d1c10d00000d,started,,started,,started
5bb2f9a9821b96b59e000888,completed,,,completed,
5bb2f99051d6f55e16000268,completed,started,,completed,
5bb2f9249c3fe7f5360006d7,,started,,,
5bb2f641b1b21e158d0001a3,started,completed,completed,started,completed
5bb2f499b5ee26a8780004ef,started,completed,started,started,
5bb2f2a2aa33d1316100051b,started,started,completed,started,
5bb2f122961baeddaa000754,,completed,started,,
5bb2f043aa1244c8a30000d3,completed,completed,,completed,
5bb2ef8c7fd36a86d4000814,completed,completed,,completed,
5bb2ef8b961bae3ef40005f6,,,,,
5bb2ef67aa33d1afa40008ee,,completed,,,
5bb2ef53b5ee26511e000686,,,,completed,
5bb2ef2e51d6f50cf2000139,started,started,started,,
5bb2ed8a927cfc99160007d5,,completed,,,
5bb2ed3f9e84712d4900061e,completed,completed,completed,completed,
5bb2ec6c927cfc02be000502,,,,,
5bb2eb7323cd53b7d10002d7,started,,,started,started
5bb2ea00b1b21e243e0001d8,,completed,,,
5bb2e904b1b21e14180006b6,,,completed,completed,
5bb2e868961bae9b2d00039d,,completed,,completed,
5bb2e792aa1244451c000502,,,,,
5bb2e440aa33d179b00004ce,,,,,
5bb2e29a927cfc2338000075,completed,,completed,started,started
5bb2e1b551d6f5010400022a,,,,started,
5bb2e070aa124470a7000154,,started,,,started
5bb2dec0927cfcdb060003ee,,,,started,
5bb2de50aa1244139b0000e5,,started,,,
5bb2dd7e7fd36a4f5b000426,completed,,started,,completed
5bb2dd52961bae2665000308,,,,completed,
5bb2dcacb1b21e2ad40002a7,,started,,,
5bb2db229e84713abe000323,,,,started,
5bb2dab0961bae377d0001b0,started,,,,
5bb2d9a751d6f5e27d000093,,started,completed,completed,completed
5bb2d8c1aa12444f1c00034d,,,,,
5bb2d83aaa33d1453d0004c4,,,,,
5bb2d716aa33d1afa400027a,started,,started,,started
5bb2d6a1aa33d1a0d50003ff,completed,,,completed,
5bb2d44023cd5362720003f1,completed,started,,completed,
5bb2d433b1b21e6a0f0001a6,,started,,,
5bb2d37d9c3fe701e6000081,started,completed,completed,started,completed
5bb2d3629c3fe720100003c8,started,completed,started,started,
5bb2d32a821b9654120000c9,started,started,completed,started,
5bb2d2189c3fe7554400006b,,completed,started,,
5bb2d0fa51d6f52fa20001cb,completed,completed,,completed,
5bb2d048821b9634bd000078,completed,completed,,completed,
5bb2d022961bae81660003d5,,,,,
5bb2cf75b1b21e7dfc000030,,completed,,,
5bb2ce219c3fe73f3b0003b5,,,,completed,
5bb2cda623cd53bb210000da,started,started,started,,
5bb2cd1323cd537be50001bd,,completed,,,
5bb2ccd923cd534c250002c7,completed,completed,completed,completed,
5bb2cc68aa33d19b6e000340,,,,,
5bb2cc5daa1244d46400003c,started,,,started,started
5bb2ca537fd36a59c5000277,,completed,,,
5bb2c843821b965268000319,,,completed,completed,
5bb2c7aeb5ee263e34000017,,completed,,completed,
5bb2c79e821b9600f000037b,,,,,
5bb2c790961baec8700001ca,,,,,
5bb2c7489e847143d4000310,completed,,completed,started,started
5bb2c6f2b5ee26b223000249,,,,started,
5bb2c55b821b9600f000033e,,started,,,started
5bb2c4edaa33d15e4c000384,,,,started,
5bb2c43e7fd36a8cea0003d0,,started,,,
5bb2c42daa1244371b000033,completed,,started,,completed
5bb2c41daa12445f24000344,,,,completed,
5bb2c29b9c3fe72528000347,,started,,,
5bb2c1d4b1b21ef3370002db,,,,started,
5bb2c14f927cfcec69000227,started,,,,
5bb2c09c51d6f5ef53000359,,started,completed,completed,completed
5bb2c02f821b96e0900002ae,,,,,
5bb2c01e9c3fe719cf00037d,,,,,
5bb2bf529e847149f7000230,started,,started,,started
5bb2bcfd9e84715c08000223,completed,,,completed,
5bb2bc88aa33d15f32000251,completed,started,,completed,
5bb2bc159c3fe77071000208,,started,,,
5bb2bb4823cd53ec1c0002c2,started,completed,completed,started,completed
5bb2bb11aa33d18de90002fc,started,completed,started,started,
5bb2baad961baed2fc000218,started,started,completed,started,
5bb2b95b927cfc169f00016d,,completed,started,,
5bb2b8dd927cfc111c000173,completed,completed,,completed,
5bb2b8c3b5ee266a900001f0,completed,completed,,completed,
5bb2b8b1961bae3e6b00021a,,,,,
5bb2b7bdaa1244c23a000204,,completed,,,
5bb2b68251d6f554d8000244,,,,completed,
5bb2b67b9e847167900001bb,started,started,started,,
5bb2b59f9e8471ee1700014c,,completed,,,
5bb2b336aa124420b8000195,completed,completed,completed,completed,
5bb2b21a9e847143d4000159,,,,,
5bb2b16123cd534c25000102,started,,,started,started
5bb2b0fe927cfcbadb0001b4,,completed,,,
5bb2af717fd36a006800007d,,,completed,completed,
5bb2ae5b821b96d9ef000120,,completed,,completed,
5bb2ae31b1b21e00f70002bb,,,,,
5bb2ad58aa1244c4220000fd,,,,,
5bb2ac1551d6f518ce000073,completed,,completed,started,started
5bb2aa5d821b96888f000019,,,,started,
5bb2a967b1b21eea0b00013c,,started,,,started
5bb2a7d7aa1244d82100007c,,,,started,
5bb2a70daa33d13b68000047,,started,,,
5bb2a6337fd36a9d5500002b,completed,,started,,completed
5bb2a6119e84716790000007,,,,completed,
5bb2a4d9927cfc870f0002b7,,started,,,
5bb2a44723cd53ec1c0000d2,,,,started,
5bb2a3f523cd5328a700024c,started,,,,
5bb2a33a961bae7dfc0002b5,,started,completed,completed,completed
5bb2a166b1b21eb8be0000e3,,,,,
5bb29f79aa12445f2400002e,,,,,
5bb29f659e84719144000003,started,,started,,started
5bb29f0d7fd36a175c0001c2,completed,,,completed,
5bb29eb6961baea7b200025a,completed,started,,completed,
5bb29eab9e8471012400020b,,started,,,
5bb29d31961bae627e000235,started,completed,completed,started,completed
5bb29ce8b5ee261a60000262,started,completed,started,started,
5bb29cc99e8471f230000057,started,started,completed,started,
5bb29af423cd53fdbd0001de,,completed,started,,
5bb29a8023cd53fdbd0001d2,completed,completed,,completed,
5bb298bab5ee26f190000291,completed,completed,,completed,
5bb2981db5ee261a600001fb,,,,,
5bb297cfaa12445dec000038,,completed,,,
5bb296b6aa33d1ec8e00020a,,,,completed,
5bb294b4961baedc700001cb,started,started,started,,
5bb293f8927cfcbcb300016b,,completed,,,
5bb2931e9e84713e5c0001af,completed,completed,completed,completed,
5bb29087821b96657000014c,,,,,
5bb28fd8aa33d1f4f00001de,started,,,started,started
5bb28fd651d6f53ad000013f,,completed,,,
5bb28ee2b5ee261c6b0000ac,,,completed,completed,
5bb28df0927cfc695a0000df,,completed,,completed,
5bb28c9daa1244cdea00012e,,,,,
5bb28bb9aa33d1292a000012,,,,,
5bb28b7e9c3fe748d500012f,completed,,completed,started,started
5bb28b5eb5ee26749f000113,,,,started,
5bb28a8a51d6f5f96c00018d,,started,,,started
5bb289ef821b969b9900013e,,,,started,
5bb2897eb5ee261a600000aa,,started,,,
5bb2896fb5ee268f350000d6,completed,,started,,completed
5bb2895db1b21ecddd000022,,,,completed,
5bb28939aa124439d200011b,,started,,,
5bb28907b5ee268f350000c9,,,,started,
5bb288d57fd36a254600013a,started,,,,
5bb288c67fd36a649400011a,,started,completed,completed,completed
5bb28888927cfc695a000059,,,,,
5bb287fa9e8471497900008e,,,,,
5bb2872c9e8471665a00009d,started,,started,,started
5bb28692aa124441fe0000e9,completed,,,completed,
5bb28686aa33d1846500004d,completed,started,,completed,
5bb2862aaa33d15d760000e1,,started,,,
5bb28615821b96b0e5000091,started,completed,completed,started,completed
5bb285f151d6f521ed0000dc,started,completed,started,started,
5bb284f5aa1244dfaf0000bb,started,started,completed,started,
5bb2849faa12440b940000bd,,completed,started,,
5bb28494b1b21ef18a0000ca,completed,completed,,completed,
5bb28400b5ee26ad530001d3,completed,completed,,completed,
5bb2833b961bae43d2000015,,,,,
5bb281ae23cd53f73c000021,,completed,,,
5bb28199821b969b99000059,,,,completed,
5bb27f4e821b9642c4000258,started,started,started,,
5bb27f25821b966139000233,,completed,,,
5bb27e97b1b21e29c200002e,completed,completed,completed,completed,
5bb27e45aa1244fd5d000217,,,,,
5bb27da39e84710a9d000014,started,,,started,started
5bb27cdb23cd538b80000222,,completed,,,
5bb27c67961bae47f40001b6,,,completed,completed,
5bb27c2851d6f58c63000249,,completed,,completed,
5bb27bfe927cfc814f00018e,,,,,
5bb27b47821b9685a1000207,,,,,
5bb27a2eaa1244fd5d0001bd,completed,,completed,started,started
5bb279729e84714bed0001ab,,,,started,
5bb278d6961bae49fe0001d3,,started,,,started
5bb275977fd36ad6740000ae,,,,started,
5bb27546b1b21eac070001ca,,started,,,
5bb2745551d6f58c63000179,completed,,started,,completed
5bb2742b23cd536766000168,,,,completed,
5bb273b351d6f50cfe00012e,,started,,,
5bb271e623cd53792b0000d2,,,,started,
5bb270c3aa124439bb000126,started,,,,
5bb270c1961bae49ec000115,,started,completed,completed,completed
5bb2702451d6f538020000df,,,,,
5bb2700baa33d1b22c000140,,,,,
5bb26f2aaa33d119a4000105,started,,started,,started
5bb26e4923cd53e038000056,completed,,,completed,
5bb26e35b1b21ee1570000f1,completed,started,,completed,
5bb26dd651d6f509740000d1,,started,,,
5bb26dcf23cd53fde3000016,started,completed,completed,started,completed
5bb26db0b1b21e782c000111,started,completed,started,started,
5bb26dadaa33d1b22c000100,started,started,completed,started,
5bb26d1823cd53fde3000009,,completed,started,,
5bb26cde9c3fe7ff0f0000c2,completed,completed,,completed,
5bb26bf0b1b21ed7c10000b8,completed,completed,,completed,
5bb26be69e847148a000008f,,,,,
5bb26a2caa33d16152000261,,completed,,,
5bb2695db1b21ee6aa0000ba,,,,completed,
5bb268e4961bae61e0000091,started,started,started,,
5bb268d67fd36a327300005b,,completed,,,
5bb268ae9e84714bed000007,completed,completed,completed,completed,
5bb26856aa33d1343d00002e,,,,,
5bb2683d51d6f5b7a7000239,started,,,started,started
5bb2682e927cfc3a2c00025b,,completed,,,
5bb26768aa33d1b8cb00024d,,,completed,completed,
5bb266d351d6f5f812000250,,completed,,completed,
5bb266c4aa33d1fa33000010,,,,,
5bb26649aa33d10837000008,,,,,
5bb265a551d6f5d208000204,completed,,completed,started,started
5bb26455aa33d1d278000254,,,,started,
5bb2644f9c3fe7c59900021d,,started,,,started
5bb263d6b5ee26017a0001cc,,,,started,
5bb26396b5ee266303000016,,started,,,
5bb2634eb5ee26c49a00024c,completed,,started,,completed
5bb2627b7fd36a2290000212,,,,completed,
5bb261fb51d6f5263d0001d5,,started,,,
5bb261259c3fe7d4f80001d8,,,,started,
5bb2607e821b96a3b80001fd,started,,,,
5bb2606cb1b21e61d40001b1,,started,completed,completed,completed
5bb25ebd23cd531e2100016e,,,,,
5bb25cc3aa1244793000017e,,,,,
5bb25b4951d6f5cf4f00012a,started,,started,,started
5bb25b10b5ee2616db000148,completed,,,completed,
5bb25a7851d6f59942000161,completed,started,,completed,
5bb25a38aa33d11375000133,,started,,,
5bb2586c7fd36a98050000d6,started,completed,completed,started,completed
5bb2581caa33d1b5800000d4,started,completed,started,started,
5bb256d1aa33d1fd730000a8,started,started,completed,started,
5bb254f1aa1244003a0000ce,,completed,started,,
5bb254209e847183e3000068,completed,completed,,completed,
5bb253aab5ee2601d0000075,completed,completed,,completed,
5bb2537f961bae189a000064,,,,,
5bb25323b1b21eee9800005f,,completed,,,
5bb252e3961baed06400005b,,,,completed,
5bb252ccaa33d1c070000068,started,started,started,,
5bb25242b1b21e1b63000044,,completed,,,
5bb251c5aa33d13ba000004b,completed,completed,completed,completed,
5bb25186821b962ea500003c,,,,,
5bb24ffc51d6f5d20800001c,started,,,started,started
5bb24fe1aa12444b82000022,,completed,,,
5bb24e89927cfcb5a800021e,,,completed,completed,
5bb24d85821b96a0fa00015f,,completed,,completed,
5bb24d24aa33d150cb000200,,,,,
5bb24d18aa124456b5000116,,,,,
5bb24d03aa33d1a8f20001c1,completed,,completed,started,started
5bb24d03b1b21e799800021e,,,,started,
5bb24d03961bae399500003b,,started,,,started
5bb24c16b1b21e32a600022b,,,,started,
5bb24bceb5ee2694d90001a3,,started,,,
5bb24b0e821b96a0fa0000fe,completed,,started,,completed
5bb24ad251d6f59da30000f9,,,,completed,
5bb24aa7aa33d18d050001fe,,started,,,
5bb24a4b821b9628ff00015c,,,,started,
5bb24a1c7fd36abaf70000e2,started,,,,
5bb249309e8471528f00015d,,started,completed,completed,completed
5bb24916aa33d13250000032,,,,,
5bb24892b1b21ee95a0001a5,,,,,
5bb24856961bae3b87000032,started,,started,,started
5bb24824961baec1590000cc,completed,,,completed,
5bb247ac9e8471553700017a,completed,started,,completed,
5bb246c923cd53809e000214,,started,,,
5bb246b79c3fe72b0e000207,started,completed,completed,started,completed
5bb24588b5ee2679600001ee,started,completed,started,started,
5bb24565821b965022000055,started,started,completed,started,
5bb244ef51d6f54fd000002f,,completed,started,,
5bb2443baa1244c3a90001f3,completed,completed,,completed,
5bb2414d961bae500d0001fa,completed,completed,,completed,
5bb24070927cfcd4ef0001f0,,,,,
5bb23ff1927cfc62e400021d,,completed,,,
5bb23d64b1b21e9f4300017f,,,,completed,
5bb23cb5b5ee2652200001ef,started,started,started,,
5bb23997821b96c716000118,,completed,,,
5bb23521961baeff2f00020a,completed,completed,completed,completed,
5bb2351151d6f507e3000070,,,,,
5bb234eeb1b21ea5a80001c5,started,,,started,started
5bb23368aa33d193bd0001c3,,completed,,,
5bb23122927cfce08200009d,,,completed,completed,
5bb2310faa1244a06d000209,,completed,,completed,
5bb230c29e8471e26d000019,,,,,
5bb22fd8b5ee2640a400030d,,,,,
5bb22f11aa124420e40000c2,completed,,completed,started,started
5bb22f09b1b21e59f300015f,,,,started,
5bb22dce23cd53181a00009c,,started,,,started
5bb22c89821b96d04e000015,,,,started,
5bb22be351d6f556380002bc,,started,,,
5bb22b80927cfc92a8000064,completed,,started,,completed
5bb22b109e847151ce000242,,,,completed,
5bb22a8251d6f5b55700008a,,started,,,
5bb22a6c961bae4f04000090,,,,started,
5bb22a527fd36a25810000fc,started,,,,
5bb228c79e84719efa00031f,,started,completed,completed,completed
5bb226ed7fd36a1e74000161,,,,,
5bb226ed51d6f56e66000296,,,,,
5bb2268b7fd36ac2df0002fe,started,,started,,started
5bb22676aa33d1b5b400013b,completed,,,completed,
5bb2264751d6f5d0cc0002bb,completed,started,,completed,
5bb22646aa1244a2bc00021a,,started,,,
5bb22640aa33d1f95a000162,started,completed,completed,started,completed
5bb2263923cd538bd30000c7,started,completed,started,started,
5bb226387fd36ad96f000300,started,started,completed,started,
5bb226299e8471f1a2000098,,completed,started,,
5bb22628b5ee2684970000f8,completed,completed,,completed,
5bb2262851d6f5f79f00025e,completed,completed,,completed,
5bb22622b5ee2616db000285,,,,,
5bb22605961bae88bd000319,,completed,,,
5bb224f3961baef347000299,,,,completed,
5bb224cfb1b21eeab90002b0,started,started,started,,
5bb224a351d6f5aed90002a9,,completed,,,
5bb22321aa1244ec3e00008d,completed,completed,completed,completed,
5bb22276aa1244e34700024f,,,,,
5bb222509c3fe77f6400004e,started,,,started,started
5bb221b651d6f50c4e00037e,,completed,,,
5bb220abaa33d1c1b6000195,,,completed,completed,
5bb21fa2961bae3a0f0001a0,,completed,,completed,
5bb21da69e84717c83000357,,,,,
5bb21d5e9e84716dd1000157,,,,,
5bb21d13b1b21ea75a000248,completed,,completed,started,started
5bb21999961bae177a0003a0,,,,started,
5bb214ea927cfc27b100034a,,started,,,started
5bb210df51d6f5a8ee0001ac,,,,started,
5bb1f0e2b5ee2642630002d4,,started,,,
5bb1e3b2aa33d11be7000206,completed,,started,,completed
5bb1d4e7961bae0d81000183,,,,completed,
5bb1d49b927cfc70ef000016,,started,,,
5bb1cc237fd36ad032000325,,,,started,
5bb1c085961bae0b5d000183,started,,,,
5bb1bcaab1b21e901b000256,,started,completed,completed,completed
5bb1bc969e8471169a000004,,,,,
5bb1ba41b5ee2655f500026d,,,,,
5bb1b8c2927cfcbdfd0001f4,started,,started,,started
5bb1b551821b965ea20001a5,completed,,,completed,
5bb1ae08aa33d1d3bc0002f2,completed,started,,completed,
5bb1aadcaa12442d4500032e,,started,,,
5bb1a8e0927cfcbb5f00039a,started,completed,completed,started,completed
5bb1a82cb5ee26dc95000340,started,completed,started,started,
5bb1a5fd9e84715b86000432,started,started,completed,started,
5bb1a0a7927cfcbb5f00033e,,completed,started,,
5bb19bafaa124431360002f7,completed,completed,,completed,
5bb19840927cfc437500021a,completed,completed,,completed,
5bb1983a927cfcad3d0002fd,,,,,
5bb1979a9c3fe70bd200001c,,completed,,,
5bb196c9821b965ea2000010,,,,completed,
5bb195f323cd53d174000157,started,started,started,,
5bb195d89e847120b400017d,,completed,,,
5bb195849c3fe792c5000465,completed,completed,completed,completed,
5bb19521b1b21e95ad0001bd,,,,,
5bb194e823cd53a32500014e,started,,,started,started
5bb193b751d6f5fe87000040,,completed,,,
5bb192f3927cfc2749000003,,,completed,completed,
5bb192f051d6f54aa0000388,,completed,,completed,
5bb19155927cfc44b400052c,,,,,
5bb19124b1b21ee62c000205,,,,,
5bb190919c3fe7c5b2000300,completed,,completed,started,started
5bb18f829e84717433000052,,,,started,
5bb18eacb5ee26c7620003d4,,started,,,started
5bb18b5c927cfc84120000c4,,,,started,
5bb18a50927cfcb20d00011e,,started,,,
5bb18921b1b21e3bf300012e,completed,,started,,completed
5bb1891d9c3fe7fee3000069,,,,completed,
5bb18794aa12447df2000511,,started,,,
5bb18157b5ee2661f30000e5,,,,started,
5bb18054b1b21ec22b000330,started,,,,
5bb17d83927cfc4bfb000042,,started,completed,completed,completed
5bb17cce9c3fe7685300009f,,,,,
5bb17c87aa124419a00001ad,,,,,
5bb17c58927cfca59f000441,started,,started,,started
5bb17bec961bae8c400005af,completed,,,completed,
5bb17b48b5ee26a25c0001c9,completed,started,,completed,
5bb179659e84717545000258,,started,,,
5bb1778e821b9662340005b7,started,completed,completed,started,completed
5bb1772f9c3fe70f930001f9,started,completed,started,started,
5bb176039c3fe7685300002b,started,started,completed,started,
5bb1758351d6f52c96000411,,completed,started,,
5bb174639e847167450000e5,completed,completed,,completed,
5bb17321aa1244ae220002bc,completed,completed,,completed,
5bb172acaa33d198ae00047d,,,,,
5bb171319e8471453a000220,,completed,,,
5bb17110821b963cae00042f,,,,completed,
5bb16fbb51d6f52c96000345,started,started,started,,
5bb16fa5aa33d16e5d00056c,,completed,,,
5bb16ea2927cfc57790001af,completed,completed,completed,completed,
5bb16e74b5ee261e3d0003eb,,,,,
5bb16e0d9e84718eff000369,started,,,started,started
5bb16cef9c3fe7d28900029d,,completed,,,
5bb16b84aa12448c6400016a,,,completed,completed,
5bb16b6bb1b21e8af9000206,,completed,,completed,
5bb1688a23cd530b950002cb,,,,,
5bb167bf9e8471888f000153,,,,,
5bb166feb5ee267400000003,completed,,completed,started,started
5bb166c0821b962bb70002eb,,,,started,
5bb16692b5ee2621a600011e,,started,,,started
5bb16681b1b21ec2720003c0,,,,started,
5bb165c023cd5348cf0001b2,,started,,,
5bb1656551d6f593c200002e,completed,,started,,completed
5bb1648b961baed01a000246,,,,completed,
5bb16327aa33d125ba000366,,started,,,
5bb1624e51d6f5d1c0000347,,,,started,
5bb161a323cd53b12a00009a,started,,,,
5bb160f2aa124409e800024e,,started,completed,completed,completed
5bb1609caa33d1e76f00022d,,,,,
5bb160459e8471e3b80002ad,,,,,
5bb16031961bae6e21000055,started,,started,,started
5bb15efaaa1244eef90001e7,completed,,,completed,
5bb15edd51d6f5f056000152,completed,started,,completed,
5bb15eab821b9684120000df,,started,,,
5bb15dc2821b96164f000022,started,completed,completed,started,completed
5bb15d4eb5ee26297b00005f,started,completed,started,started,
5bb15d44961bae6e2100002c,started,started,completed,started,
5bb15d2623cd534c5f000204,,completed,started,,
5bb15ce123cd53d8550001f6,completed,completed,,completed,
5bb15c7123cd5305290002e7,completed,completed,,completed,
5bb15b88b1b21e19580000e6,,,,,
5bb15b839c3fe782270002a9,,completed,,,
5bb15ae4821b96c9a600012d,,,,completed,
5bb15990aa12441b5400030b,started,started,started,,
5bb15788b1b21e7de80000f6,,completed,,,
5bb157567fd36a9eba00028d,completed,completed,completed,completed,
5bb14e01aa1244d99c000136,,,,,
5bb14d919c3fe7e1b6000264,started,,,started,started
5bb14aa4821b96800f0002a7,,completed,,,
5bb14a5951d6f520eb000138,,,completed,completed,
5bb148b69c3fe7f1c10000f1,,completed,,completed,
5bb1485aaa33d198ae0000bb,,,,,
5bb1473751d6f546e40000a4,,,,,
5bb14558927cfca166000095,completed,,completed,started,started
5bb145297fd36a417f000108,,,,started,
5bb144ed927cfc3366000093,,started,,,started
5bb14348aa1244888d000126,,,,started,
5bb14313aa1244f1600002a8,,started,,,
5bb142fdb5ee2659bb00025b,completed,,started,,completed
5bb1426bb1b21e4a60000034,,,,completed,
5bb1410b23cd5353b60000de,,started,,,
5bb140b1aa33d1d2200000e8,,,,started,
5bb13fe49c3fe78ac80000c1,started,,,,
5bb13d389c3fe75b4c000043,,started,completed,completed,completed
5bb13ce7b1b21efbcd000258,,,,,
5bb13cba821b96e30c0002a7,,,,,
5bb13bc2927cfc228700020e,started,,started,,started
5bb13a5ab5ee26916c000265,completed,,,completed,
5bb138cab5ee26eb1000023b,completed,started,,completed,
5bb1386d7fd36a23a00000f9,,started,,,
5bb1375a821b96e69a0001a3,started,completed,completed,started,completed
5bb13683b1b21eb56a000266,started,completed,started,started,
5bb13645aa1244b07a0000ab,started,started,completed,started,
5bb1335faa33d1498f0001c8,,completed,started,,
5bb131cf23cd533514000010,completed,completed,,completed,
5bb131c9aa33d1b0b6000158,completed,completed,,completed,
5bb1319151d6f59f7400022c,,,,,
5bb131847fd36a71460000a4,,completed,,,
5bb1303f7fd36a91c8000293,,,,completed,
5bb12fe29e8471cd49000226,started,started,started,,
5bb12d9c927cfcfa7400003d,,completed,,,
5bb12d94b5ee26916c000177,completed,completed,completed,completed,
5bb12ca7aa12446b3800014a,,,,,
5bb12a4c927cfcb54c0001b6,started,,,started,started
5bb12a039c3fe7586b000122,,completed,,,
5bb1298e7fd36a73f6000146,,,completed,completed,
5bb1292cb1b21ed9740001ca,,completed,,completed,
5bb12838b5ee2698f80000de,,,,,
5bb12799821b96e69a00009f,,,,,
5bb1252123cd538d94000249,completed,,completed,started,started
5bb12435aa33d1890700013b,,,,started,
5bb1224e961baee1dd00007d,,started,,,started
5bb122339c3fe78fe30000d1,,,,started,
5bb120dc9c3fe7d937000030,,started,,,
5bb1208e9e84717c7b00013a,completed,,started,,completed
5bb11f519c3fe7586b000068,,,,completed,
5bb11ef99e84718c740000ef,,started,,,
5bb11d789e847123310000f1,,,,started,
5bb11d21b1b21e51ac0000b5,started,,,,
5bb11a2051d6f51d08000134,,started,completed,completed,completed
5bb117e5821b96aec2000169,,,,,
5bb1170f9c3fe7a95f00021f,,,,,
5bb116cb7fd36aea4b0000b7,started,,started,,started
5bb116469e8471dfaf00025f,completed,,,completed,
5bb1151423cd536ad00002f7,completed,started,,completed,
5bb114939e847163a100006f,,started,,,
5bb1148eb5ee268da7000071,started,completed,completed,started,completed
5bb114627fd36aff550000cb,started,completed,started,started,
5bb1143e927cfcf160000248,started,started,completed,started,
5bb110de821b96cae1000258,,completed,started,,
5bb110a29e847113bb000281,completed,completed,,completed,
5bb10f9a7fd36af56b000298,completed,completed,,completed,
5bb10f93b1b21e5e990002da,,,,,
5bb10efc9c3fe742fc000075,,completed,,,
5bb10ece961bae415c00028f,,,,completed,
5bb10c369c3fe7f482000258,started,started,started,,
5bb10b8caa33d1bcee000141,,completed,,,
5bb10b229c3fe741e90001d8,completed,completed,completed,completed,
5bb10a54aa33d1e5240001cc,,,,,
5bb109e923cd53511e000253,started,,,started,started
5bb10928aa1244f56d000185,,completed,,,
5bb1086c821b96cdaa00016b,,,completed,completed,
5bb10768927cfc70eb000255,,completed,,completed,
5bb106989e8471edb2000229,,,,,
5bb10695961bae063a000175,,,,,
5bb106837fd36a8add0002bb,completed,,completed,started,started
5bb10515aa33d11935000211,,,,started,
5bb104a751d6f5143f000209,,started,,,started
5bb10200b1b21ed3a60003a7,,,,started,
5bb101739c3fe72a1300013c,,started,,,
5bb10140b5ee26da41000160,completed,,started,,completed
5bb0ffacb5ee2640e700010f,,,,completed,
5bb0fefdaa1244278e00014f,,started,,,
5bb0fe04b1b21eb8f00000d3,,,,started,
5bb0f7d4aa1244498700015d,started,,,,
5bb0f677aa1244efaa000024,,started,completed,completed,completed
5bb0f62db5ee2698790000cb,,,,,
5bb0f5df9c3fe7b32b0000b2,,,,,
5bb0f4bb9c3fe7b5100000f7,started,,started,,started
5bb0f15daa12449cab000068,completed,,,completed,
5bb0f114961bae526c000117,completed,started,,completed,
5bb0edbb9c3fe7313b000043,,started,,,
5bb0ebbe9e847149c6000024,started,completed,completed,started,completed
5bb0eb97b5ee26272300036b,started,completed,started,started,
5bb0eb859c3fe7f82100008a,started,started,completed,started,
5bb0e3c97fd36ad53b000408,,completed,started,,
5bb0df93961bae358a0003a4,completed,completed,,completed,
5bb0dccd961baefcfb00033c,completed,completed,,completed,
5bb0d9999e8471d2c10001b7,,,,,
5bb0d187927cfc61b700019d,,completed,,,
5bb0cfa223cd53df0800015a,,,,completed,
5bb0ce0f927cfc82c0000169,started,started,started,,
5bb0cbe2aa33d1fc17000101,,completed,,,
5bb0c83d7fd36a389d0001b3,completed,completed,completed,completed,
5bb0c25751d6f5a54e00033c,,,,,
5bb0bd2651d6f5a54e0002db,started,,,started,started
5bb0b7c0821b96475100002a,,completed,,,
5bb0b451aa33d1879d0002e0,,,completed,completed,
5bb0a8a49e8471e43500020e,,completed,,completed,
5bb0a7d49c3fe78d9b00022c,,,,,
5bb092f3927cfca58d00017b,,,,,
5bb080d7b1b21eef3e000628,completed,,completed,started,started
5bb072c7927cfc2f34000657,,,,started,
5bb06fc19e847116050004c4,,started,,,started
5bb05fb7b5ee26c7ed000417,,,,started,
5bb058ec961bae1a24000445,,started,,,
5bb0589bb5ee265a3300037c,completed,,started,,completed
5bb0565a9c3fe7370f000378,,,,completed,
5bb055fa7fd36aac00000480,,started,,,
5bb0550e9c3fe72244000290,,,,started,
5bb054c2927cfc5eb4000315,started,,,,
5bb05240821b96a7ae00044a,,started,completed,completed,completed
5bb051afb5ee26a32e0001f9,,,,,
5bb04faeaa1244e9af0003df,,,,,
5bb04d037fd36aa717000330,started,,started,,started
5bb048e8aa124470ce0001da,completed,,,completed,
5bb04880821b962fbd000233,completed,started,,completed,
5bb046dfaa124407c8000255,,started,,,
5bb0463f23cd5398af00021c,started,completed,completed,started,completed
5bb04415927cfc453b0001cb,started,completed,started,started,
5bb042cf7fd36ae77300010d,started,started,completed,started,
5bb041f49e847192e5000136,,completed,started,,
5bb04138961bae5d4d000065,completed,completed,,completed,
5bb03f4d961bae3bf2000167,completed,completed,,completed,
5bb03e8823cd532ac70000df,,,,,
5bb03c7e927cfc3e2e000076,,completed,,,
5bb03c0b7fd36a9de7000544,,,,completed,
5bb03ac9b5ee26dc1d000056,started,started,started,,
5bb0384e9e8471b746000015,,completed,,,
5bb0376caa33d1573000001f,completed,completed,completed,completed,
5bb0362a821b96a7e5000002,,,,,
5bb032f59e84716fd9000072,started,,,started,started
5bb032a7aa1244be23000539,,completed,,,
5bb02fa89e8471ec180004c5,,,completed,completed,
5bb02f69b5ee26c9e30004ff,,completed,,completed,
5bb02c5423cd5316840005f0,,,,,
5bb02b5f7fd36a217e000477,,,,,
5bb02aa8821b96f6c800001b,completed,,completed,started,started
5bb0285aaa1244ec44000483,,,,started,
5bb02734b5ee26376500049f,,started,,,started
5bb026d6aa33d15a140004b1,,,,started,
5bb023c2aa124489fd000474,,started,,,
5bb022f87fd36a56f80003b1,completed,,started,,completed
5bb022a7aa1244a896000557,,,,completed,
5bb0208b9e8471a371000493,,started,,,
5bb01f509c3fe7aeb0000420,,,,started,
5bb01f0c961bae1b660003b5,started,,,,
5bb01dc3aa124489fd0003fb,,started,completed,completed,completed
5bb01ca1821b96cb2c0003d4,,,,,
5bb00e289c3fe7cce90002b3,,,,,
5bb00de951d6f54eee000245,started,,started,,started
5bb00b3d961baedb5b000273,completed,,,completed,
5bb00acbaa33d1a460000257,completed,started,,completed,
5bb009f77fd36a0006000186,,started,,,
5bb00856aa33d194530001af,started,completed,completed,started,completed
5bb006b39c3fe7495c0001c4,started,completed,started,started,
5bb003c3aa12444cc70001d3,started,started,completed,started,
5bb001f79e8471ec1800017e,,completed,started,,
5bb001bb7fd36a95a8000169,completed,completed,,completed,
5bb001467fd36a28e1000161,completed,completed,,completed,
5bb00069b5ee26d03c000142,,,,,
5baffda2aa33d16eb70000f5,,completed,,,
5baffcf3961bae668d00010d,,,,completed,
5baffbef961baeb6550000e9,started,started,started,,
5baffba9b5ee26b5e30000dc,,completed,,,
5baffa4ab5ee2688640000e6,completed,completed,completed,completed,
5baff9579c3fe7262a0000ce,,,,,
5baff8baaa33d13acd0000b2,started,,,started,started
5baff84f927cfcb2e30000a5,,completed,,,
5baff7d0b5ee2647c3000092,,,completed,completed,
5baff7b19e8471a3710000b1,,completed,,completed,
5baff56d9e8471aa49000052,,,,,
5baff1dd9c3fe7fbd9000011,,,,,
5baff0fbb5ee26d83f000318,completed,,completed,started,started
5bafef6651d6f577440000f8,,,,started,
5bafed659e84716184000263,,started,,,started
5bafecb47fd36a52b9000230,,,,started,
5bafea329c3fe793df000215,,started,,,
5bafe9b023cd53811f00007d,completed,,started,,completed
5bafe91d9c3fe7400400006c,,,,completed,
5bafe884927cfc9b7b0000f0,,started,,,
5bafe5c1927cfc844000019b,,,,started,
5bafe3897fd36a042e000064,started,,,,
5bafe10cb5ee261cec00027b,,started,completed,completed,completed
5bafdfdb821b963d8b00008a,,,,,
5bafdec9aa1244e9fc00041b,,,,,
5bafddee23cd530203000369,started,,started,,started
5bafdd4f9e847161840000e0,completed,,,completed,
5bafdd15961bae9166000003,completed,started,,completed,
5bafdc54961baed3a7000109,,started,,,
5bafdb82927cfc66310000bb,started,completed,completed,started,completed
5bafd93b7fd36a52b90000ac,started,completed,started,started,
5bafd875961bae8fb60002c4,started,started,completed,started,
5bafd59daa33d1ce02000292,,completed,started,,
5bafd5517fd36ae9fd00006f,completed,completed,,completed,
5bafd541aa1244cb47000338,completed,completed,,completed,
5bafd040821b967ea60002d4,,,,,
5bafcc86927cfca42e000312,,completed,,,
5bafcb8d9e8471df83000447,,,,completed,
5bafc7ef961bae651a000285,started,started,started,,
5bafc740aa33d1a74400000c,,completed,,,
5bafc64d9c3fe77c9100027d,completed,completed,completed,completed,
5bafc2b1961bae2b060001e5,,,,,
5bafc2649e8471945300025a,started,,,started,started
5bafc044aa33d11d4f00019f,,completed,,,
5bafc0207fd36a0ea900038f,,,completed,completed,
5bafbf44961bae7eb100036f,,completed,,completed,
5bafbdbc23cd53f35200023e,,,,,
5bafbcfa961bae6879000187,,,,,
5bafb7e1821b9680a900002f,completed,,completed,started,started
5bafb7b79c3fe7d03500038b,,,,started,
5bafb6f8b5ee26faa3000021,,started,,,started
5bafb42823cd536f770001f7,,,,started,
5bafb361aa124412f400006c,,started,,,
5bafb0b123cd533849000031,completed,,started,,completed
5bafaf3b9e84710d8b0002d4,,,,completed,
5bafae50821b966d93000098,,started,,,
5bafadc6b1b21e91200004f7,,,,started,
5bafad50927cfc0d42000482,started,,,,
5bafad2ab5ee26ed46000296,,started,completed,completed,completed
5bafaaa8aa124435f000045f,,,,,
5bafaa827fd36a25e4000401,,,,,
5bafa76f821b96596e00007b,started,,started,,started
5bafa6daaa12440b7200032b,completed,,,completed,
5bafa26251d6f56f1600038b,completed,started,,completed,
5baf9f54aa1244586e0003d5,,started,,,
5baf9e71aa33d18513000116,started,completed,completed,started,completed
5baf9d3daa33d1b9ba00035a,started,completed,started,started,
5baf99df23cd53ea0900043c,started,started,completed,started,
5baf9923b5ee265cdd0003cf,,completed,started,,
5baf97e77fd36a113a00019f,completed,completed,,completed,
5baf9674961bae2f28000388,completed,completed,,completed,
5baf932f9e847126560001e7,,,,,
5baf924e9e8471e47d00033c,,completed,,,
5baf9005b5ee26ed4600003d,,,,completed,
5baf8d6b9e8471a29c0001fa,started,started,started,,
5baf896451d6f54be5000193,,completed,,,
5baf86d2aa1244b9b20004df,completed,completed,completed,completed,
5baf83a97fd36a9d2600056d,,,,,
5baf814451d6f53ee600034e,started,,,started,started
5baf80c9aa12448e3300046a,,completed,,,
5baf807323cd539c310003c9,,,completed,completed,
5baf72beb1b21ef0300003a4,,completed,,completed,
5baf5cd9b5ee26c9bb000267,,,,,
5baf59a6821b968e65000243,,,,,
5baf4241927cfcbdf00005aa,completed,,completed,started,started
5baf413f51d6f5c579000061,,,,started,
5baf3e81927cfc4667000715,,started,,,started
5baf32f1aa124454c1000567,,,,started,
5baf2b3923cd5342380004e5,,started,,,
5baf24e1aa1244300e0002a9,completed,,started,,completed
5baf1cddb5ee2672ba00022b,,,,completed,
5baf1855927cfc6ac900040b,,started,,,
5baf1262961baea75c000302,,,,started,
5baf0c0f821b96d30300027f,started,,,,
5baf07a723cd53501d0001a7,,started,completed,completed,completed
5baf0599aa33d1ffb2000147,,,,,
5baf023db1b21e0b110000f7,,,,,
5baf01ac51d6f5f05900013a,started,,started,,started
5baefb9c9e8471425f0005b1,completed,,,completed,
5baef9b59c3fe79858000103,completed,started,,completed,
5baef7d0b1b21e39330004f1,,started,,,
5baef56db1b21e356900059a,started,completed,completed,started,completed
5baef2d19c3fe707da0004b3,started,completed,started,started,
5baef1fa7fd36ab5e400056b,started,started,completed,started,
5baef1b6aa33d15d3e0004ff,,completed,started,,
5baeede27fd36a539f000554,completed,completed,,completed,
5baeea7e51d6f5ef320004db,completed,completed,,completed,
5baeea58b5ee26e7c7000453,,,,,
5baee82451d6f5f9bb0004b9,,completed,,,
5baee1019c3fe77fac00040a,,,,completed,
5baedf7823cd5329c20003ae,started,started,started,,
5baedea251d6f5f1390003a1,,completed,,,
5baed8fe927cfc4efa0002b0,completed,completed,completed,completed,
5baed720b1b21e3933000260,,,,,
5baed601821b96112c0002fb,started,,,started,started
5baed5edb1b21e8b4d000340,,completed,,,
5baed3c9aa33d1762b00028b,,,completed,completed,
5baece9b9e847178c00002e5,,completed,,completed,
5baecdbf9c3fe73d0e000255,,,,,
5baecca7aa12442aca000227,,,,,
5baecc8423cd5311350002a0,completed,,completed,started,started
5baeca247fd36af591000257,,,,started,
5baec9ed51d6f5c944000218,,started,,,started
5baec6d57fd36a3b6800018c,,,,started,
5baec191961baeb42d00016f,,started,,,
5baec176b1b21eae84000154,completed,,started,,completed
5baec0cd9c3fe7087b000209,,,,completed,
5baebfd1961baebcf500010c,,started,,,
5baebeee23cd53062c000122,,,,started,
5baebe4d9e8471cdda000140,started,,,,
5baebdefb5ee26603a00013b,,started,completed,completed,completed
5baebc52961bae0bf50000ed,,,,,
5baebc0e961bae60df0000fa,,,,,
5baeb8d59e847178c0000100,started,,started,,started
5baeb78151d6f5db130000ad,completed,,,completed,
5baeb678aa33d18e290000b5,completed,started,,completed,
5baeb55cb1b21e3933000070,,started,,,
5baeb55851d6f54716000069,started,completed,completed,started,completed
5baeb540927cfcf64b00007f,started,completed,started,started,
5baeb2dab5ee26fcdc000045,started,started,completed,started,
5baeb159b5ee26c4d5000025,,completed,started,,
5baeb0f8961baeb42d000019,completed,completed,,completed,
5baeaf627fd36a572400006d,completed,completed,,completed,
5baeaee0b1b21ef5280000bb,,,,,
5baeae5c9c3fe7f72d000075,,completed,,,
5baeabd1821b96e119000060,,,,completed,
5baeaa1b9c3fe74a6d00003d,started,started,started,,
5baea925aa33d1445a000022,,completed,,,
5baea81751d6f5c22700000e,completed,completed,completed,completed,
5baea5aa821b9618e800004a,,,,,
5baea57c51d6f57e3f000049,started,,,started,started
5baea3949e8471dff300000b,,completed,,,
5baea393aa1244c15a00001c,,,completed,completed,
5baea1d0aa33d1144d0000e5,,completed,,completed,
5baea04daa33d14c530000bc,,,,,
5bae9d4e821b966a9d000031,,,,,
5bae9c17b5ee262772000357,completed,,completed,started,started
5bae9b2e961bae6b63000099,,,,started,
5bae9b11aa12440230000343,,started,,,started
5bae9ab823cd5351800002ee,,,,started,
5bae956423cd5380c7000245,,started,,,
5bae9461b1b21e27a1000318,completed,,started,,completed
5bae9458b1b21e51d20002ce,,,,completed,
5bae93bbb5ee26a2320002f3,,started,,,
5bae91479e8471b4d6000242,,,,started,
5bae9128aa33d18ba3000295,started,,,,
5bae9064927cfcf4d100026b,,started,completed,completed,completed
5bae8fa0b5ee269fae000272,,,,,
5bae8e48b5ee2602e0000244,,,,,
5bae8d9f23cd53091c0002ae,started,,started,,started
5bae8a7faa33d1743d0001ff,completed,,,completed,
5bae89b8b5ee264a2b0001c4,completed,started,,completed,
5bae890523cd534fad0001ec,,started,,,
5bae87a3b5ee2602e0000194,started,completed,completed,started,completed
5bae873faa124439cf000156,started,completed,started,started,
5bae86c2821b964934000198,started,started,completed,started,
5bae851e23cd53c96600019e,,completed,started,,
5bae8372961bae34b600010a,completed,completed,,completed,
5bae82a37fd36a1144000102,completed,completed,,completed,
5bae82a17fd36a8c8900014b,,,,,
5bae80299e8471c16c0000d6,,completed,,,
5bae7fab821b9680650000b2,,,,completed,
5bae7f56b1b21eb4ea000098,started,started,started,,
5bae7e10aa33d1482f000083,,completed,,,
5bae7b1f821b967ad500003a,completed,completed,completed,completed,
5bae7a14b5ee26b1e700001f,,,,,
5bae79bb927cfc408500002e,started,,,started,started
5bae78e8b1b21e41ef000013,,completed,,,
5bae78ab9e8471315000000b,,,completed,completed,
5bae77959e8471a3020001a6,,completed,,completed,
5bae72867fd36af7b10000f8,,,,,
5bae72047fd36ade0c000104,,,,,
5bae71acaa124400a50000e2,completed,,completed,started,started
5bae714daa1244e5b60000e9,,,,started,
5bae712c9c3fe7c2c50000bf,,started,,,started
5bae710faa1244d5000000b8,,,,started,
5bae71079e84712cd20000e8,,started,,,
5bae6cbf7fd36a2cf4000066,completed,,started,,completed
5bae6b9b51d6f5379300002a,,,,completed,
5bae6b939e847183e6000035,,started,,,
5bae6aa6aa33d1c9bb00001f,,,,started,
5bae6aa523cd53d4fa000010,started,,,,
5bae6a8c961baecdd600001c,,started,completed,completed,completed
5bae6a36b5ee26cb55000009,,,,,
5bae69fcb5ee268d2a00000b,,,,,
5bae69b9b1b21edc72000031,started,,started,,started
5bae6961aa33d127510003c1,completed,,,completed,
5bae691a51d6f5751a000009,completed,started,,completed,
5bae68737fd36a9286000404,,started,,,
5bae672e7fd36a2847000351,started,completed,completed,started,completed
5bae66ec927cfcf9dd0002b3,started,completed,started,started,
5bae66e151d6f5094e0003a8,started,started,completed,started,
5bae65a423cd5395730003a6,,completed,started,,
5bae654d9c3fe7bd660002a7,completed,completed,,completed,
5bae6510aa12441f9f00034f,completed,completed,,completed,
5bae650d9c3fe7b0180002d2,,,,,
5bae64bf9c3fe7dbbd00034b,,completed,,,
5bae645db1b21eccd2000272,,,,completed,
5bae62ae23cd5300390002fe,started,started,started,,
5bae5c7f51d6f577f8000254,,completed,,,
5bae5b8e821b96f27c000207,completed,completed,completed,completed,
5bae5acb9e84715b6e000171,,,,,
5bae5a599c3fe7b0180001a9,started,,,started,started
5bae58d0b1b21eacc800013c,,completed,,,
5bae56a6961baeb40e000135,,,completed,completed,
5bae55ed9c3fe71abf000149,,completed,,completed,
5bae55839e84718391000139,,,,,
5bae5576aa33d180bf00011a,,,,,
5bae54d5aa33d125b2000118,completed,,completed,started,started
5bae545a23cd53e25f0000e9,,,,started,
5bae543db1b21edcc9000101,,started,,,started
5bae542f9c3fe7ce9c0000e1,,,,started,
5bae52a3961baee9360000ac,,started,,,
5bae5110821b96466400008c,completed,,started,,completed
5bae502f9e847149dc000073,,,,completed,
5bae4fdfaa1244bb3a00005c,,started,,,
5bae4d3a927cfcefaf00000c,,,,started,
5bae4cf37fd36a604a000009,started,,,,
5bae4c0ab5ee26003d0000a7,,started,completed,completed,completed
5bae4bf27fd36a3c3200028d,,,,,
5bae4a6223cd5372e8000328,,,,,
5bae4a5151d6f5f8920002db,started,,started,,started
5bae49eeaa33d19e400002b6,completed,,,completed,
5bae490523cd531c670002cf,completed,started,,completed,
5bae4842821b96ad500002be,,started,,,
5bae469f821b96cb3a0002d7,started,completed,completed,started,completed
5bae465a927cfcfeb300020a,started,completed,started,started,
5bae463e927cfc1c5700000b,started,started,completed,started,
5bae43aab5ee26e71c0002c1,,completed,started,,
5bae42417fd36a8ec8000186,completed,completed,,completed,
5bae3f917fd36a53c60001c4,completed,completed,,completed,
5bae3e78821b96a3670001d4,,,,,
5bae3e4d9e84710da0000170,,completed,,,
5bae3e439c3fe77f59000194,,,,completed,
5bae3dd3aa1244a0f40002b8,started,started,started,,
5bae3cbfaa33d191bb0001bc,,completed,,,
5bae3ca79e8471a7640000b6,completed,completed,completed,completed,
5bae3c3faa12442e4b00013d,,,,,
5bae3c219c3fe78cfd0000da,started,,,started,started
5bae3a5a51d6f5dfa5000082,,completed,,,
5bae3781aa33d1e98200008d,,,completed,completed,
5bae36e6aa1244a6de0000c1,,completed,,completed,
5bae3650b5ee26e71c0000f5,,,,,
5bae364323cd53164b000165,,,,,
5bae35d451d6f531f9000131,completed,,completed,started,started
5bae351c927cfc634900001c,,,,started,
5bae34cfaa33d13b05000054,,started,,,started
5bae339c821b963caa000060,,,,started,
5bae2f7d961bae5b4b000332,,started,,,
5bae2f60b1b21e088a000231,completed,,started,,completed
5bae2f2151d6f5ee29000016,,,,completed,
5bae2dccaa33d12ffa00029c,,started,,,
5bae2dc623cd5352c30002fd,,,,started,
5bae2d93821b96c3b00002bc,started,,,,
5bae2d8e927cfc7cde00030e,,started,completed,completed,completed
5bae2cc1b5ee26e201000307,,,,,
5bae2bed23cd5396a000033a,,,,,
5bae2a54821b964d7c0002a6,started,,started,,started
5bae27d2961baec7d8000317,completed,,,completed,
5bae2671821b96f499000247,completed,started,,completed,
5bae263c23cd5352c3000202,,started,,,
5bae23f4aa33d1ae43000207,started,completed,completed,started,completed
5bae233bb1b21e9d580001a8,started,completed,started,started,
5bae1fd89e8471fde5000132,started,started,completed,started,
5bae1d8f9c3fe797c10000f3,,completed,started,,
5bae09c8927cfc956d0002b3,completed,completed,,completed,
5bae065b9e8471ad09000265,completed,completed,,completed,
5badff63b5ee2665d80001ac,,,,,
5badef54aa33d128b900007b,,completed,,,
5badd57a9c3fe7dc3700015c,,,,completed,
5badcf287fd36a7fdd000086,started,started,started,,
5badcb4651d6f526430001ac,,completed,,,
5badc50123cd530178000198,completed,completed,completed,completed,
5badc00723cd5379d5000078,,,,,
5badbfbe961bae4832000090,started,,,started,started
5badb821961bae45a4000623,,completed,,,
5badb4e3961baea585000016,,,completed,completed,
5badb2409e84717a8f000212,,completed,,completed,
5badb232b5ee26dfa4000534,,,,,
5badaf88821b96512c0005ba,,,,,
5badaf749c3fe7fb5b00058d,completed,,completed,started,started
5badaef27fd36a0e73000296,,,,started,
5badadd751d6f5bfd30005f9,,started,,,started
5bada9bc23cd534ac7000612,,,,started,
5bada8f8b5ee266ae000037d,,started,,,
5bada743b1b21ed083000240,completed,,started,,completed
5bada634aa1244d08b00039b,,,,completed,
5bada4d4b1b21e25480002fd,,started,,,
5bada4b79c3fe7b60c00067b,,,,started,
5bada2c1aa12449f61000527,started,,,,
5bada2b07fd36a7d5f000254,,started,completed,completed,completed
5bada168b5ee266a990003cf,,,,,
5bad9da6b1b21e152f0003fe,,,,,
5bad9d0a961bae66ec0002c7,started,,started,,started
5bad9cab927cfcddae0002dc,completed,,,completed,
5bad9c7b51d6f5dd840001aa,completed,started,,completed,
5bad9ac2b1b21e6e610001d9,,started,,,
5bad979523cd53760a000293,started,completed,completed,started,completed
5bad97369c3fe7fbf300039e,started,completed,started,started,
5bad972eaa1244d08b0002a9,started,started,completed,started,
5bad94ff927cfcddae000273,,completed,started,,
5bad936fb5ee26865800039b,completed,completed,,completed,
5bad92de961bae94f70004dd,completed,completed,,completed,
5bad90cbaa1244d08b000255,,,,,
5bad8f6e7fd36a509200045a,,completed,,,
5bad8ec99e847101e200008f,,,,completed,
5bad8b77821b967016000310,started,started,started,,
5bad88da927cfc036a000352,,completed,,,
5bad88689e84713efe000304,completed,completed,completed,completed,
5bad878c927cfce899000cb1,,,,,
5bad86187fd36a88a9000051,started,,,started,started
5bad81f89c3fe7b60c00026a,,completed,,,
5bad7f36927cfc5de300095d,,,completed,completed,
5bad7efaaa12446d16000ad3,,completed,,completed,
5bad7e657fd36a48bc000b61,,,,,
5bad7cf251d6f511270009f1,,,,,
5bad7c7e23cd5311ad0009af,completed,,completed,started,started
5bad7a03aa1244d7ee000947,,,,started,
5bad7986961bae2a3d0009c6,,started,,,started
5bad73ed961baefa7f000844,,,,started,
5bad739f51d6f5ef9d000744,,started,,,
5bad72aa821b963fc1000742,completed,,started,,completed
5bad7249b5ee266e6f00067d,,,,completed,
5bad6f0951d6f506c70006c0,,started,,,
5bad6eafb5ee26cdaa000706,,,,started,
5bad6ea89e84712d63000659,started,,,,
5bad6e64927cfc9d43000646,,started,completed,completed,completed
5bad6df3aa33d160a2000692,,,,,
5bad6d92aa1244b8e5000713,,,,,
5bad6d82aa1244d7ee000633,started,,started,,started
5bad6caf927cfcf57900061e,completed,,,completed,
5bad6aab51d6f549fd0005a7,completed,started,,completed,
5bad6940b5ee260009000507,,started,,,
5bad682baa124455fa000514,started,completed,completed,started,completed
5bad6792821b9697dd0005ad,started,completed,started,started,
5bad664db1b21e3b1d00039c,started,started,completed,started,
5bad65367fd36ac2c900036e,,completed,started,,
5bad6326aa33d10175000376,completed,completed,,completed,
5bad63269e8471c166000317,completed,completed,,completed,
5bad62f7821b96ae970002f7,,,,,
5bad6186927cfc933f000358,,completed,,,
5bad610b51d6f560a80002d3,,,,completed,
5bad5fa9821b96197c000267,started,started,started,,
5bad5fa49c3fe7be2000034b,,completed,,,
5bad5e2c51d6f5852b000316,completed,completed,completed,completed,
5bad5df5821b968ea5000259,,,,,
5bad5dab927cfc6a620002c0,started,,,started,started
5bad5c86961bae01aa000259,,completed,,,
5bad5af423cd53b149000213,,,completed,completed,
5bad5a7baa12449093000164,completed,,,completed,
5bad5a14961baefa7f00015d,completed,started,,completed,
5bad599e51d6f5bb1f0001ae,,started,,,
5bad584aaa33d1ffe0000104,started,completed,completed,started,completed
5bad5835aa12440ba20000f8,started,completed,started,started,
5bad57a19e8471be28000121,started,started,completed,started,
5bad575651d6f5ef9d0000ac,,completed,started,,
5bad5736aa33d191af0000c7,completed,completed,,completed,
5bad5660b1b21e3b1d000076,completed,completed,,completed,
5bad5222927cfc47ae00056b,,,,,
5bad51a09c3fe73365000456,,completed,,,
5bad5083927cfc0970000454,,,,completed,
5bad4ff5821b96bc860004a1,started,started,started,,
5bad4e5023cd53885b000146,,completed,,,
5bad4e3fb5ee26910e0002f8,completed,completed,completed,completed,
5bad4d6c9e8471bd05000428,,,,,
5bad4c0e51d6f5ebbe0001ce,started,,,started,started
5bad4bd423cd5394e10003ee,,completed,,,
5bad4b8523cd53b9a60002b5,,,completed,completed,
5bad4b7c9c3fe7ff400001a8,,completed,,completed,
5bad4ae2aa12446f3b000271,,,,,
5bad4aad23cd53c140000253,,,,,
5bad4a689c3fe799600002d4,completed,,completed,started,started
5bad49e19e8471b54d000386,,,,started,
5bad49de961bae870c00034e,,started,,,started
5bad49c49e8471202d000117,,,,started,
5bad49c3961baed18e0001ed,,started,,,
5bad49bf961bae88f2000244,completed,,started,,completed
5bad49b7aa12444b83000180,,,,completed,
5bad49a123cd536f2d000240,,started,,,
5bad49169e8471ed30000347,,,,started,
5bad48fcb5ee26512400021b,started,,,,
5bad48749c3fe771d400018c,,started,completed,completed,completed
5bad48279c3fe79aa50001fd,,,,,
5bad47c9b5ee26efa30001ae,,,,,
5bad47459e847129600001cb,started,,started,,started
5bad4645b5ee265124000184,,started,,completed,completed
